step,box_grad_norm,dfl_grad_norm,dfl_box_norm_ratio,grad_cosine,fg_num,loss_box,loss_dfl
10,1.37364622e-02,4.75963531e-03,3.46496433e-01,3.74105752e-01,9277,2.20818853e+00,1.72519422e+00
20,1.31216012e-02,4.61945822e-03,3.52049887e-01,4.09107000e-01,8489,2.08813906e+00,1.62991166e+00
30,1.22582614e-02,3.90140642e-03,3.18267524e-01,4.12325382e-01,10697,2.01787972e+00,1.56946313e+00
40,1.33726792e-02,4.01538517e-03,3.00267816e-01,4.22485769e-01,8713,1.87875056e+00,1.46083164e+00
50,1.48336403e-02,3.96849914e-03,2.67533720e-01,4.43335146e-01,8233,1.89456654e+00,1.38591051e+00
60,1.46354958e-02,3.63287539e-03,2.48223588e-01,4.41099674e-01,9582,1.93034065e+00,1.36496568e+00
70,1.52556607e-02,3.80255259e-03,2.49255195e-01,4.32279348e-01,8962,1.88439441e+00,1.39265847e+00
80,1.70708485e-02,3.62055586e-03,2.12089971e-01,4.35555547e-01,9083,1.90758455e+00,1.28946793e+00
90,1.50980689e-02,3.54046491e-03,2.34497860e-01,4.50907558e-01,11088,2.09463573e+00,1.33056211e+00
100,1.63995624e-02,3.58947110e-03,2.18876034e-01,4.43552047e-01,10206,1.91772580e+00,1.31504059e+00
110,1.55984154e-02,3.70675977e-03,2.37636939e-01,4.52821821e-01,9872,1.90674484e+00,1.33941460e+00
120,1.62307825e-02,3.56612797e-03,2.19713867e-01,4.54721421e-01,10094,1.88523638e+00,1.28570747e+00
130,1.57664921e-02,3.63315339e-03,2.30435118e-01,4.63039279e-01,9013,1.76921952e+00,1.26869273e+00
140,1.49155296e-02,3.62215866e-03,2.42844790e-01,4.46662962e-01,9893,1.80020213e+00,1.32974827e+00
150,1.48404194e-02,3.52158980e-03,2.37297192e-01,4.52203006e-01,9616,1.79176033e+00,1.30119276e+00
160,1.53421266e-02,3.83603550e-03,2.50032842e-01,4.59823966e-01,8449,1.78432488e+00,1.31318343e+00
170,1.41774509e-02,3.50085087e-03,2.46930912e-01,4.60336506e-01,10216,1.83147120e+00,1.30120170e+00
180,1.28902551e-02,3.41891334e-03,2.65232414e-01,4.57079172e-01,10098,1.74180782e+00,1.30239367e+00
190,1.35740330e-02,3.49241775e-03,2.57286668e-01,4.51926768e-01,9616,1.70829213e+00,1.30077982e+00
200,1.23805813e-02,3.71153397e-03,2.99786717e-01,4.63153630e-01,8908,1.66099703e+00,1.32802701e+00
210,1.25553887e-02,3.23542184e-03,2.57691890e-01,4.64036733e-01,10604,1.69090176e+00,1.27271008e+00
220,1.33856796e-02,3.49405850e-03,2.61029601e-01,4.50008512e-01,9419,1.70275116e+00,1.32167208e+00
230,1.30026201e-02,3.45583819e-03,2.65780151e-01,4.56745327e-01,9285,1.69028091e+00,1.30166233e+00
240,1.40851652e-02,3.58113041e-03,2.54248381e-01,4.61578906e-01,9514,1.84997976e+00,1.30982649e+00
250,1.22066261e-02,3.33785871e-03,2.73446470e-01,4.41034317e-01,10126,1.67336977e+00,1.31976771e+00
260,1.18657220e-02,3.28543712e-03,2.76884735e-01,4.62214828e-01,10380,1.59564257e+00,1.28873646e+00
270,1.26534849e-02,3.60792200e-03,2.85132676e-01,4.68408465e-01,8162,1.56931269e+00,1.30093122e+00
280,1.21148974e-02,3.35220550e-03,2.76701093e-01,4.54544842e-01,10028,1.62455285e+00,1.30247378e+00
290,1.17602777e-02,3.16370931e-03,2.69016534e-01,4.59732473e-01,10885,1.60944796e+00,1.27735949e+00
300,1.14124445e-02,3.15689482e-03,2.76618630e-01,4.76784468e-01,11109,1.64819109e+00,1.30239296e+00
310,1.36058470e-02,3.45645356e-03,2.54041791e-01,4.29638207e-01,7825,1.45337152e+00,1.26980472e+00
320,1.38935447e-02,3.46563174e-03,2.49441862e-01,4.49582756e-01,8678,1.63530290e+00,1.27272820e+00
330,1.30472556e-02,3.60250217e-03,2.76111871e-01,4.72376794e-01,7797,1.56115258e+00,1.28035963e+00
340,1.18982391e-02,3.21558188e-03,2.70256966e-01,4.58548129e-01,11358,1.67907369e+00,1.31615376e+00
350,1.15454430e-02,3.18685547e-03,2.76027113e-01,4.73507404e-01,10209,1.57715440e+00,1.26852298e+00
360,1.18347341e-02,3.14442627e-03,2.65694708e-01,4.59892005e-01,10075,1.56493926e+00,1.25595880e+00
370,1.19784679e-02,3.38405324e-03,2.82511353e-01,4.57588851e-01,10154,1.67051089e+00,1.31952870e+00
380,1.23236561e-02,3.43754236e-03,2.78938502e-01,4.60813701e-01,8883,1.58757985e+00,1.29341221e+00
390,1.19659631e-02,3.29098501e-03,2.75028855e-01,4.54296350e-01,10246,1.63344407e+00,1.31275058e+00
400,1.07000414e-02,3.42841004e-03,3.20410907e-01,4.77702022e-01,10040,1.67501247e+00,1.33464015e+00
410,1.24315796e-02,3.47680692e-03,2.79675394e-01,4.58996177e-01,9738,1.69389069e+00,1.31280291e+00
420,1.23635465e-02,3.09514836e-03,2.50344694e-01,4.53159153e-01,10671,1.62668824e+00,1.25928235e+00
430,1.19768772e-02,3.91064025e-03,3.26515853e-01,4.51294601e-01,8286,1.64684784e+00,1.40148556e+00
440,1.22615676e-02,3.46584013e-03,2.82658815e-01,4.52341795e-01,8806,1.56448269e+00,1.28461683e+00
450,1.11395754e-02,3.13759968e-03,2.81662405e-01,4.58850533e-01,10629,1.53931749e+00,1.27079248e+00
460,1.25882383e-02,3.51201626e-03,2.78991878e-01,4.48263258e-01,8933,1.60716593e+00,1.29877257e+00
470,1.28205679e-02,3.74015188e-03,2.91730583e-01,4.68483686e-01,7578,1.56203568e+00,1.29149866e+00
480,1.21548343e-02,3.39602632e-03,2.79397160e-01,4.59290206e-01,8341,1.46919668e+00,1.27607131e+00
490,1.24101164e-02,3.56369675e-03,2.87160635e-01,4.51186776e-01,8611,1.56169748e+00,1.30888414e+00
500,1.11318501e-02,3.13158263e-03,2.81317353e-01,4.68354881e-01,11011,1.58457148e+00,1.26883888e+00
510,1.19650811e-02,3.41615360e-03,2.85510272e-01,4.72752005e-01,9022,1.60450912e+00,1.28355885e+00
520,1.40848598e-02,3.44304647e-03,2.44450182e-01,4.42935944e-01,8768,1.64052033e+00,1.27654254e+00
530,1.16044516e-02,3.11673665e-03,2.68581122e-01,4.60827172e-01,10888,1.69231856e+00,1.27989507e+00
540,1.33044096e-02,3.37771862e-03,2.53879637e-01,4.45758790e-01,9342,1.63374555e+00,1.27495551e+00
550,1.27539104e-02,2.93179764e-03,2.29874417e-01,4.51006591e-01,11507,1.65905631e+00,1.24098325e+00
560,1.17200837e-02,3.43203638e-03,2.92833775e-01,4.67233688e-01,8810,1.53544211e+00,1.28032446e+00
570,1.16451895e-02,3.04938084e-03,2.61857569e-01,4.56082225e-01,11671,1.69161427e+00,1.27397799e+00
580,1.13923214e-02,3.04437499e-03,2.67230421e-01,4.54106569e-01,12514,1.73967206e+00,1.31126523e+00
590,1.15431752e-02,3.00994120e-03,2.60755062e-01,4.68164355e-01,11244,1.61488068e+00,1.26015735e+00
600,1.22021446e-02,3.28511139e-03,2.69224107e-01,4.43302095e-01,10336,1.63209724e+00,1.30219889e+00
610,1.27448114e-02,3.43762105e-03,2.69727111e-01,4.41171348e-01,9339,1.63054609e+00,1.30288577e+00
620,1.32878860e-02,3.18894978e-03,2.39989251e-01,4.50128466e-01,9854,1.67704916e+00,1.24871480e+00
630,1.25281503e-02,2.96766707e-03,2.36879900e-01,4.44262981e-01,10845,1.59874892e+00,1.24003482e+00
640,1.22137656e-02,3.19848163e-03,2.61875153e-01,4.65910196e-01,10416,1.60446703e+00,1.28091645e+00
650,1.12991743e-02,3.16665019e-03,2.80255020e-01,4.70537633e-01,10137,1.52632236e+00,1.27091181e+00
660,1.31156370e-02,3.21861263e-03,2.45402694e-01,4.41127539e-01,10374,1.72185206e+00,1.27857316e+00
670,1.23844184e-02,3.33057949e-03,2.68933058e-01,4.45623457e-01,9811,1.64985085e+00,1.29891205e+00
680,1.16266124e-02,3.24751833e-03,2.79317677e-01,4.62415516e-01,9813,1.59203148e+00,1.30082250e+00
690,1.11622075e-02,3.50437197e-03,3.13949734e-01,4.45221066e-01,9986,1.59158075e+00,1.35658312e+00
700,1.17423013e-02,3.42510198e-03,2.91689157e-01,4.65674043e-01,9361,1.60216308e+00,1.31037986e+00
710,1.21994624e-02,3.37839010e-03,2.76929438e-01,4.50203538e-01,10303,1.67549229e+00,1.33455002e+00
720,1.15809608e-02,3.21860495e-03,2.77922094e-01,4.68496919e-01,10133,1.55532908e+00,1.26139128e+00
730,1.19625852e-02,3.49942339e-03,2.92530686e-01,4.62775111e-01,8096,1.46768069e+00,1.28585351e+00
740,1.24197006e-02,3.22095188e-03,2.59342164e-01,4.67403769e-01,9745,1.55566788e+00,1.25995719e+00
750,1.13776410e-02,3.14192125e-03,2.76148736e-01,4.43281829e-01,10177,1.52652979e+00,1.29244328e+00
760,1.15804411e-02,3.30333575e-03,2.85251290e-01,4.58295912e-01,9851,1.57243335e+00,1.29792905e+00
770,1.15317693e-02,3.25091369e-03,2.81909347e-01,4.60276544e-01,9844,1.57724571e+00,1.28498328e+00
780,1.23422369e-02,3.78167862e-03,3.06401402e-01,4.46202934e-01,7944,1.55365705e+00,1.34801483e+00
790,1.04489475e-02,3.24091059e-03,3.10166210e-01,4.70998287e-01,10143,1.54870546e+00,1.31313348e+00
800,1.21989409e-02,3.39077483e-03,2.77956486e-01,4.45441455e-01,9312,1.58506608e+00,1.29508662e+00
810,1.16612762e-02,3.21073644e-03,2.75333196e-01,4.68523383e-01,9000,1.45900989e+00,1.24510169e+00
820,1.06973331e-02,3.15725757e-03,2.95144349e-01,4.54521835e-01,10498,1.49589896e+00,1.28709626e+00
830,1.18841510e-02,3.23318178e-03,2.72058278e-01,4.52026039e-01,9283,1.47970080e+00,1.24841213e+00
840,1.24553526e-02,3.58220888e-03,2.87603974e-01,4.65567589e-01,8193,1.53797078e+00,1.29733014e+00
850,1.16859647e-02,3.29182413e-03,2.81690419e-01,4.65730965e-01,9778,1.58216679e+00,1.28704834e+00
860,1.27829900e-02,3.42072966e-03,2.67600119e-01,4.40859616e-01,9513,1.64407313e+00,1.31499028e+00
870,1.11745410e-02,3.01958853e-03,2.70220369e-01,4.69075233e-01,10562,1.52288890e+00,1.25446224e+00
880,1.23457806e-02,3.34192673e-03,2.70693839e-01,4.33308482e-01,8996,1.50247967e+00,1.28739786e+00
890,1.17994566e-02,3.32237757e-03,2.81570375e-01,4.66731161e-01,8757,1.49943781e+00,1.26544714e+00
900,1.15223695e-02,3.44174891e-03,2.98701495e-01,4.46383953e-01,9174,1.53828156e+00,1.31580532e+00
910,1.16366846e-02,3.26620508e-03,2.80681759e-01,4.72726047e-01,9417,1.53852582e+00,1.26405180e+00
920,1.18803317e-02,2.88791442e-03,2.43083656e-01,4.58000720e-01,10738,1.51996481e+00,1.21597052e+00
930,1.26837837e-02,3.01409001e-03,2.37633348e-01,4.31613088e-01,10673,1.57826102e+00,1.24384236e+00
940,1.14862872e-02,3.29885958e-03,2.87199825e-01,4.54672456e-01,10062,1.58760071e+00,1.31052136e+00
950,1.02371126e-02,3.03836213e-03,2.96798736e-01,4.62630689e-01,11844,1.61976922e+00,1.31627929e+00
960,1.22785708e-02,3.45206889e-03,2.81145811e-01,4.58300859e-01,8896,1.56713164e+00,1.30465198e+00
970,1.19394250e-02,3.73622216e-03,3.12931508e-01,4.49337482e-01,8482,1.57960045e+00,1.36636972e+00
980,1.15476362e-02,3.07799201e-03,2.66547352e-01,4.60842073e-01,9818,1.46182191e+00,1.24932599e+00
990,1.10393558e-02,3.13793030e-03,2.84249395e-01,4.50183034e-01,10494,1.57391632e+00,1.29257202e+00
1000,1.16357272e-02,3.32188513e-03,2.85490125e-01,4.52883422e-01,10444,1.63132060e+00,1.32039464e+00
1010,1.13245519e-02,3.10782623e-03,2.74432600e-01,4.75463212e-01,11081,1.61479878e+00,1.26623726e+00
1020,1.32883238e-02,3.49454256e-03,2.62978435e-01,4.54168856e-01,7652,1.50073981e+00,1.25674021e+00
1030,1.17850825e-02,3.20963748e-03,2.72347480e-01,4.51809168e-01,9495,1.47674680e+00,1.26761544e+00
1040,1.06846746e-02,3.05135734e-03,2.85582632e-01,4.53356862e-01,10843,1.52445781e+00,1.28490460e+00
1050,1.20787872e-02,3.30299931e-03,2.73454547e-01,4.49122190e-01,9251,1.55263019e+00,1.28047574e+00
1060,1.07146287e-02,2.87087611e-03,2.67939866e-01,4.60322440e-01,11939,1.48874140e+00,1.26031423e+00
1070,1.19961891e-02,3.40769719e-03,2.84064978e-01,4.48097825e-01,8882,1.53058326e+00,1.29267704e+00
1080,1.16533237e-02,3.05623887e-03,2.62263268e-01,4.59014386e-01,10934,1.56438684e+00,1.25940096e+00
1090,1.23856403e-02,3.77452769e-03,3.04750293e-01,4.36029762e-01,7762,1.52527523e+00,1.33732402e+00
1100,1.09204976e-02,3.24294483e-03,2.96959430e-01,4.59418267e-01,10122,1.53549850e+00,1.31297958e+00
1110,1.16536953e-02,3.11547588e-03,2.67338037e-01,4.53502119e-01,11055,1.61788344e+00,1.27918518e+00
1120,1.23216938e-02,3.09504219e-03,2.51186430e-01,4.39326733e-01,10269,1.54270184e+00,1.26104903e+00
1130,1.18035413e-02,3.17934388e-03,2.69355088e-01,4.55292761e-01,9341,1.44671333e+00,1.24893117e+00
1140,1.16380705e-02,3.39066843e-03,2.91342825e-01,4.51589048e-01,9183,1.51646340e+00,1.29597187e+00
1150,1.21043399e-02,3.10120918e-03,2.56206393e-01,4.64069039e-01,9893,1.56902504e+00,1.24506819e+00
1160,1.14535093e-02,3.09349317e-03,2.70091295e-01,4.55002666e-01,11566,1.72172725e+00,1.31605959e+00
1170,1.24116400e-02,3.26771452e-03,2.63278216e-01,4.45605934e-01,9267,1.50720382e+00,1.27709317e+00
1180,1.18708909e-02,3.21144634e-03,2.70531207e-01,4.43343341e-01,10818,1.66129947e+00,1.30970502e+00
1190,1.20865721e-02,3.32000852e-03,2.74685711e-01,4.33121681e-01,8879,1.44985247e+00,1.26996040e+00
1200,1.32670393e-02,3.88302095e-03,2.92681813e-01,4.41530198e-01,7324,1.57424748e+00,1.31600988e+00
1210,1.15649821e-02,3.84339876e-03,3.32330704e-01,4.68140781e-01,8227,1.67874885e+00,1.39872050e+00
1220,1.13872066e-02,3.06861731e-03,2.69479364e-01,4.61176008e-01,9933,1.47060895e+00,1.25858688e+00
1230,1.12292599e-02,3.31337866e-03,2.95066535e-01,4.54919398e-01,9634,1.50513399e+00,1.29843032e+00
1240,1.18978936e-02,3.19750002e-03,2.68745065e-01,4.38382417e-01,10245,1.60157669e+00,1.27609265e+00
1250,1.18020447e-02,3.16783832e-03,2.68414378e-01,4.43431467e-01,11434,1.64208698e+00,1.30684710e+00
1260,1.12542026e-02,3.41826188e-03,3.03732038e-01,4.60939348e-01,8678,1.45116162e+00,1.28290153e+00
1270,1.22151207e-02,3.44650168e-03,2.82150447e-01,4.38698709e-01,9202,1.60713780e+00,1.32126951e+00
1280,1.17800543e-02,3.21912137e-03,2.73268819e-01,4.64141816e-01,9593,1.49710500e+00,1.25188398e+00
1290,1.19208749e-02,3.22742108e-03,2.70736933e-01,4.54594612e-01,9273,1.50781989e+00,1.26722836e+00
1300,1.32766301e-02,3.44157498e-03,2.59220511e-01,4.30218309e-01,9330,1.68916380e+00,1.31248224e+00
1310,1.14944773e-02,3.34082777e-03,2.90646344e-01,4.55983847e-01,9148,1.50064707e+00,1.28573501e+00
1320,1.08887339e-02,3.06066591e-03,2.81085551e-01,4.57616806e-01,10380,1.48374665e+00,1.27348030e+00
1330,1.19461752e-02,3.48635833e-03,2.91838884e-01,4.54734027e-01,8508,1.45993018e+00,1.26334274e+00
1340,1.12046096e-02,2.69341562e-03,2.40384594e-01,4.58948672e-01,12167,1.50050557e+00,1.20573437e+00
1350,1.22850984e-02,3.11618368e-03,2.53655583e-01,4.67264682e-01,9426,1.47142112e+00,1.20659518e+00
1360,1.06507670e-02,3.25494283e-03,3.05606425e-01,4.47632104e-01,10230,1.53878212e+00,1.32663631e+00
1370,1.17019909e-02,3.03464197e-03,2.59326994e-01,4.38456565e-01,10256,1.45858896e+00,1.25576639e+00
1380,1.22169424e-02,3.43460054e-03,2.81134218e-01,4.63924497e-01,8173,1.48791981e+00,1.25857401e+00
1390,1.20492475e-02,2.99637089e-03,2.48677015e-01,4.54274833e-01,10405,1.53812122e+00,1.22767150e+00
1400,1.12538990e-02,3.18579818e-03,2.83083946e-01,4.57924008e-01,10030,1.54049718e+00,1.30825675e+00
1410,1.18367244e-02,3.21677793e-03,2.71762520e-01,4.30886507e-01,10270,1.60131598e+00,1.29751492e+00
1420,1.21560702e-02,3.30816116e-03,2.72140682e-01,4.67966288e-01,8426,1.46628881e+00,1.26154256e+00
1430,1.30216563e-02,3.38090863e-03,2.59637386e-01,4.30825114e-01,8849,1.53474391e+00,1.27036703e+00
1440,1.15350466e-02,3.14645073e-03,2.72773117e-01,4.37570155e-01,9907,1.49177599e+00,1.26820254e+00
1450,1.20139085e-02,3.10345413e-03,2.58321762e-01,4.38592255e-01,11206,1.61627674e+00,1.28487754e+00
1460,1.16974153e-02,2.86416989e-03,2.44854942e-01,4.63179588e-01,11270,1.54652870e+00,1.22140849e+00
1470,1.19468709e-02,3.11857346e-03,2.61036843e-01,4.51423198e-01,9842,1.54406881e+00,1.26384747e+00
1480,1.27572594e-02,3.13103152e-03,2.45431364e-01,4.36135173e-01,9756,1.50758803e+00,1.23844147e+00
1490,1.12277251e-02,3.28293070e-03,2.92394996e-01,4.51142758e-01,9889,1.59044790e+00,1.32055068e+00
1500,1.16533572e-02,3.10380151e-03,2.66343981e-01,4.66552526e-01,10442,1.56332970e+00,1.26253307e+00
1510,1.19893821e-02,3.51811410e-03,2.93435812e-01,4.63389963e-01,8260,1.50680399e+00,1.25504577e+00
1520,1.22013744e-02,3.42417788e-03,2.80638695e-01,4.40378845e-01,8934,1.55889225e+00,1.30105329e+00
1530,1.09501444e-02,3.10145807e-03,2.83234447e-01,4.55190182e-01,10964,1.59349263e+00,1.28856349e+00
1540,1.23919444e-02,2.89546163e-03,2.33656764e-01,4.41851765e-01,10865,1.51125062e+00,1.20187402e+00
1550,1.12865577e-02,3.20896832e-03,2.84317732e-01,4.56737280e-01,9591,1.50381303e+00,1.28657699e+00
1560,1.29563836e-02,3.35653918e-03,2.59064496e-01,4.30332303e-01,8354,1.50254977e+00,1.27456808e+00
1570,1.11778351e-02,3.41319502e-03,3.05353850e-01,4.56350058e-01,9313,1.54086661e+00,1.32211685e+00
1580,1.10771181e-02,2.93039251e-03,2.64544666e-01,4.50082928e-01,10891,1.46852171e+00,1.24634480e+00
1590,1.17920507e-02,3.57517297e-03,3.03185016e-01,4.47367787e-01,8037,1.44125915e+00,1.29923654e+00
1600,1.15893027e-02,3.26566910e-03,2.81783044e-01,4.62986827e-01,10734,1.63429654e+00,1.30283213e+00
1610,1.14162648e-02,3.11806332e-03,2.73124635e-01,4.53947574e-01,9759,1.48478115e+00,1.26914096e+00
1620,1.10439062e-02,2.85749719e-03,2.58739710e-01,4.51017976e-01,11864,1.54637885e+00,1.24986994e+00
1630,1.25722643e-02,3.14350030e-03,2.50034541e-01,4.39318329e-01,9326,1.49815404e+00,1.23379612e+00
1640,1.15691507e-02,3.24981194e-03,2.80903250e-01,4.39005494e-01,10081,1.54073620e+00,1.29101932e+00
1650,1.15953591e-02,3.21222842e-03,2.77027071e-01,4.46982384e-01,9966,1.52488339e+00,1.28464985e+00
1660,1.14921378e-02,3.29555990e-03,2.86766469e-01,4.44307864e-01,9912,1.58741677e+00,1.33660674e+00
1670,1.91179570e-02,4.68393415e-03,2.45001808e-01,4.26095605e-01,4883,1.67836618e+00,1.29026580e+00
1680,1.19540254e-02,3.18288105e-03,2.66260177e-01,4.43976164e-01,9875,1.53260827e+00,1.28483438e+00
1690,1.22658927e-02,3.42673413e-03,2.79370964e-01,4.31818515e-01,9313,1.59381449e+00,1.34370399e+00
1700,1.07254507e-02,3.06591042e-03,2.85853773e-01,4.68109608e-01,10289,1.50551558e+00,1.26555300e+00
1710,1.17843822e-02,3.07292677e-03,2.60762662e-01,4.48255390e-01,9667,1.43073297e+00,1.22842014e+00
1720,1.12236207e-02,3.09433858e-03,2.75698781e-01,4.60410208e-01,10111,1.46456838e+00,1.25671029e+00
1730,1.18460841e-02,3.52561893e-03,2.97618926e-01,4.64969635e-01,8045,1.45603001e+00,1.28829134e+00
1740,1.12760374e-02,3.05802631e-03,2.71196902e-01,4.52949703e-01,11015,1.55699599e+00,1.28363419e+00
1750,1.19598312e-02,3.20187653e-03,2.67719209e-01,4.42202926e-01,8681,1.41317534e+00,1.25544095e+00
1760,1.10598337e-02,3.06028430e-03,2.76702553e-01,4.72160637e-01,10229,1.49372804e+00,1.24753141e+00
1770,1.20309405e-02,3.43516376e-03,2.85527438e-01,4.30952668e-01,8351,1.43238890e+00,1.27257895e+00
1780,1.15804030e-02,3.38510866e-03,2.92313546e-01,4.48493689e-01,9404,1.55951536e+00,1.32961440e+00
1790,1.21413702e-02,2.99880351e-03,2.46990532e-01,4.49933112e-01,10082,1.50749552e+00,1.22905087e+00
1800,1.16759362e-02,3.03214183e-03,2.59691536e-01,4.51125294e-01,11120,1.56582475e+00,1.25570250e+00
1810,1.12214191e-02,3.34499730e-03,2.98090398e-01,4.56771612e-01,9560,1.50816262e+00,1.29036951e+00
1820,1.17694745e-02,3.02997045e-03,2.57443130e-01,4.56564307e-01,11011,1.57237411e+00,1.26168370e+00
1830,1.21020461e-02,3.29871592e-03,2.72575051e-01,4.52140391e-01,8769,1.49002445e+00,1.26621366e+00
1840,1.18407290e-02,3.00400052e-03,2.53700644e-01,4.53200400e-01,11167,1.63602352e+00,1.26269913e+00
1850,1.13977641e-02,3.20648425e-03,2.81325728e-01,4.57301915e-01,9166,1.41525495e+00,1.26893532e+00
1860,1.18324235e-02,3.21292318e-03,2.71535516e-01,4.48124290e-01,9432,1.50463295e+00,1.28181958e+00
1870,1.12432456e-02,3.24794999e-03,2.88880110e-01,4.64879602e-01,8948,1.45155239e+00,1.26440692e+00
1880,1.22401835e-02,3.24927480e-03,2.65459657e-01,4.38896626e-01,8999,1.45576501e+00,1.27236795e+00
1890,1.15679400e-02,3.39636556e-03,2.93601602e-01,4.45699811e-01,9324,1.49914062e+00,1.29271853e+00
1900,1.18681202e-02,3.11420485e-03,2.62400866e-01,4.74133700e-01,9120,1.43455029e+00,1.21444046e+00
1910,1.03697162e-02,3.07664508e-03,2.96695203e-01,4.67521578e-01,10222,1.42908645e+00,1.25804174e+00
1920,1.16888173e-02,3.28640104e-03,2.81157702e-01,4.37701941e-01,9401,1.51881492e+00,1.28174126e+00
1930,1.16907880e-02,3.34153557e-03,2.85826385e-01,4.30203080e-01,9918,1.56551242e+00,1.30839705e+00
1940,1.12332348e-02,3.13006109e-03,2.78642893e-01,4.56038296e-01,9950,1.46043766e+00,1.26352632e+00
1950,1.27883544e-02,3.38314939e-03,2.64549226e-01,4.57130075e-01,8200,1.46575713e+00,1.25007558e+00
1960,1.23673715e-02,3.39071383e-03,2.74166077e-01,4.40513909e-01,8226,1.39718533e+00,1.23079157e+00
1970,1.28829721e-02,3.52759194e-03,2.73818165e-01,4.31058705e-01,8341,1.55514944e+00,1.30458760e+00
1980,1.08072758e-02,2.99090147e-03,2.76748866e-01,4.56968069e-01,10557,1.45749581e+00,1.25778985e+00
1990,1.19721014e-02,3.31060146e-03,2.76526332e-01,4.49844271e-01,9085,1.47467017e+00,1.26912844e+00
2000,1.26685919e-02,3.43842199e-03,2.71413118e-01,4.40752357e-01,8344,1.51830173e+00,1.28018486e+00
2010,1.05649550e-02,3.03664850e-03,2.87426531e-01,4.74631965e-01,10784,1.51985407e+00,1.26084387e+00
2020,1.21697281e-02,3.36634228e-03,2.76616067e-01,4.43757087e-01,8708,1.49905753e+00,1.26630139e+00
2030,1.24495691e-02,3.20493686e-03,2.57433563e-01,4.51420784e-01,8836,1.46977806e+00,1.23696196e+00
2040,1.15710404e-02,2.98581482e-03,2.58042037e-01,4.42693979e-01,10169,1.46184731e+00,1.23898613e+00
2050,1.19425915e-02,3.12310690e-03,2.61509985e-01,4.59467173e-01,9592,1.52277422e+00,1.23530626e+00
2060,1.26118716e-02,3.30150430e-03,2.61777520e-01,4.62122530e-01,8361,1.44401026e+00,1.22225356e+00
2070,1.11854812e-02,2.84557790e-03,2.54399240e-01,4.63264406e-01,10964,1.43621767e+00,1.21692228e+00
2080,1.17201740e-02,3.40106362e-03,2.90188819e-01,4.66349244e-01,8255,1.41694427e+00,1.27320147e+00
2090,1.22904275e-02,2.99527892e-03,2.43708283e-01,4.38090682e-01,10825,1.60179996e+00,1.24767113e+00
2100,1.16766877e-02,3.32573568e-03,2.84818411e-01,4.32161152e-01,9175,1.46279240e+00,1.28679693e+00
2110,1.09162508e-02,3.04499851e-03,2.78941780e-01,4.60935116e-01,10640,1.50090778e+00,1.25789428e+00
2120,1.26795704e-02,3.35520762e-03,2.64615238e-01,4.49237943e-01,8898,1.53264165e+00,1.25839996e+00
2130,1.28773050e-02,3.39628616e-03,2.63742000e-01,4.38944072e-01,7573,1.38114715e+00,1.23377562e+00
2140,1.16017079e-02,3.04817269e-03,2.62734830e-01,4.60056752e-01,10198,1.50732768e+00,1.23377848e+00
2150,1.44088622e-02,3.40888905e-03,2.36582801e-01,4.21074599e-01,7771,1.43313181e+00,1.21330535e+00
2160,1.22653451e-02,3.47038754e-03,2.82942504e-01,4.58397388e-01,8019,1.45323515e+00,1.26438153e+00
2170,1.09709864e-02,3.14045488e-03,2.86250919e-01,4.60802257e-01,10404,1.55317092e+00,1.27736354e+00
2180,1.23542948e-02,2.88578193e-03,2.33585328e-01,4.40595210e-01,10190,1.45120382e+00,1.19870710e+00
2190,1.11449379e-02,3.20143718e-03,2.87254810e-01,4.58996773e-01,10298,1.53174508e+00,1.29046857e+00
2200,1.19732693e-02,3.11153685e-03,2.59873629e-01,4.59591269e-01,9555,1.48384118e+00,1.25198603e+00
2210,1.22082056e-02,3.19499965e-03,2.61709183e-01,4.49039698e-01,9385,1.51643431e+00,1.24325669e+00
2220,1.12680858e-02,3.03713395e-03,2.69534141e-01,4.39300358e-01,10071,1.38943338e+00,1.25054872e+00
2230,1.15398662e-02,3.09923431e-03,2.68567622e-01,4.57417190e-01,10239,1.54666698e+00,1.25109494e+00
2240,1.22343721e-02,3.02323024e-03,2.47109547e-01,4.48088914e-01,9977,1.46328974e+00,1.21026683e+00
2250,1.22715719e-02,3.44276149e-03,2.80547708e-01,4.48114991e-01,8730,1.52710795e+00,1.26750743e+00
2260,1.24190869e-02,3.17125604e-03,2.55353391e-01,4.41034317e-01,9067,1.47159970e+00,1.24859262e+00
2270,1.29726501e-02,2.80412729e-03,2.16156855e-01,4.43676412e-01,11476,1.60121608e+00,1.19074035e+00
2280,1.16840359e-02,3.01729096e-03,2.58240461e-01,4.27574456e-01,10465,1.47479391e+00,1.25699735e+00
2290,1.23271281e-02,3.06680379e-03,2.48784944e-01,4.51425582e-01,9682,1.50678229e+00,1.22630382e+00
2300,1.19838566e-02,3.11576575e-03,2.59996921e-01,4.47070360e-01,10321,1.57432663e+00,1.25882030e+00
2310,1.22125037e-02,2.93739024e-03,2.40523174e-01,4.64565247e-01,9246,1.38465190e+00,1.18413281e+00
2320,1.15135415e-02,2.83911848e-03,2.46589497e-01,4.48626101e-01,11461,1.47419834e+00,1.21888900e+00
2330,1.14680175e-02,3.03109945e-03,2.64308929e-01,4.49067533e-01,11175,1.58337498e+00,1.28521824e+00
2340,1.15638645e-02,2.99831177e-03,2.59282857e-01,4.50496912e-01,10766,1.49719620e+00,1.26156962e+00
2350,1.13901030e-02,2.95207580e-03,2.59179026e-01,4.41899508e-01,11345,1.55728376e+00,1.26793146e+00
2360,1.19336555e-02,3.07454867e-03,2.57636786e-01,4.23739374e-01,10025,1.46303666e+00,1.26398814e+00
2370,1.17651494e-02,3.38920788e-03,2.88071811e-01,4.57509995e-01,8349,1.47712910e+00,1.25433218e+00
2380,1.15527501e-02,3.13887116e-03,2.71699041e-01,4.67907548e-01,9150,1.39522350e+00,1.20980918e+00
2390,1.19336518e-02,3.35536338e-03,2.81168193e-01,4.51575488e-01,8819,1.49404693e+00,1.27460814e+00
2400,1.15724476e-02,2.97104893e-03,2.56734699e-01,4.51772988e-01,10710,1.48064578e+00,1.24376953e+00
2410,1.13830874e-02,2.97644967e-03,2.61480004e-01,4.55181003e-01,11357,1.54851174e+00,1.24838984e+00
2420,1.22597031e-02,3.15002655e-03,2.56941497e-01,4.38938230e-01,9739,1.54980111e+00,1.25453687e+00
2430,1.24455988e-02,3.04667931e-03,2.44799733e-01,4.41523671e-01,9835,1.50347638e+00,1.24407208e+00
2440,1.22315558e-02,3.03386454e-03,2.48035863e-01,4.58777577e-01,10067,1.51422036e+00,1.22208738e+00
2450,1.20898252e-02,2.88871769e-03,2.38937914e-01,4.55383331e-01,9501,1.37145650e+00,1.16962957e+00
2460,1.30052771e-02,3.22462153e-03,2.47947156e-01,4.43219602e-01,9707,1.61404574e+00,1.26099038e+00
2470,1.01588666e-02,2.94265687e-03,2.89663881e-01,4.52190012e-01,10474,1.37256896e+00,1.24345183e+00
2480,1.03289634e-02,2.87233084e-03,2.78085113e-01,4.63921696e-01,11932,1.53276610e+00,1.26664877e+00
2490,1.34453904e-02,3.11069144e-03,2.31357470e-01,4.26286221e-01,8987,1.47300184e+00,1.22394991e+00
2500,1.13715837e-02,3.03398352e-03,2.66803950e-01,4.69841540e-01,10061,1.52795041e+00,1.23414040e+00
2510,1.20484233e-02,3.14307725e-03,2.60870427e-01,4.37826961e-01,9597,1.43116522e+00,1.23851085e+00
2520,1.08593991e-02,2.97230855e-03,2.73708373e-01,4.54089403e-01,11070,1.48946977e+00,1.25833702e+00
2530,1.21275503e-02,3.19763459e-03,2.63666987e-01,4.60399210e-01,9297,1.51866829e+00,1.22609258e+00
2540,1.34311952e-02,3.39520699e-03,2.52785176e-01,4.32490855e-01,8299,1.47542846e+00,1.24419796e+00
2550,1.27189709e-02,3.14345164e-03,2.47146696e-01,4.29610282e-01,9478,1.50774813e+00,1.26970649e+00
2560,1.09964814e-02,3.27602983e-03,2.97916204e-01,4.62067664e-01,8914,1.39090121e+00,1.26272070e+00
2570,1.12639414e-02,3.00467783e-03,2.66751915e-01,4.70873594e-01,9797,1.39895535e+00,1.19566548e+00
2580,1.15407156e-02,3.02743539e-03,2.62326479e-01,4.58580524e-01,9557,1.41590357e+00,1.23044562e+00
2590,1.11537250e-02,2.97506223e-03,2.66732603e-01,4.40892547e-01,10859,1.44249547e+00,1.25805044e+00
2600,1.23729035e-02,3.19323596e-03,2.58082986e-01,4.58501816e-01,8698,1.42533624e+00,1.20726585e+00
2610,1.03471233e-02,2.91762385e-03,2.81974405e-01,4.73306984e-01,10437,1.36196148e+00,1.21779716e+00
2620,1.07445875e-02,3.02217714e-03,2.81274378e-01,4.60134983e-01,10396,1.42039835e+00,1.25089169e+00
2630,1.23370038e-02,3.28443712e-03,2.66226470e-01,4.43629682e-01,9115,1.50794303e+00,1.26121402e+00
2640,1.18742008e-02,3.15091945e-03,2.65358448e-01,4.57005262e-01,9426,1.46563363e+00,1.23360693e+00
2650,1.09055247e-02,3.27986246e-03,3.00752372e-01,4.58806545e-01,9142,1.40674806e+00,1.26995826e+00
2660,1.07659362e-02,3.27114202e-03,3.03841859e-01,4.58508849e-01,9253,1.48945582e+00,1.28269136e+00
2670,1.19074574e-02,3.15777888e-03,2.65193373e-01,4.54731286e-01,9484,1.48957133e+00,1.24977827e+00
2680,1.16842370e-02,2.93478346e-03,2.51174599e-01,4.50564057e-01,10855,1.51037753e+00,1.23473203e+00
2690,1.18943453e-02,2.93853623e-03,2.47053221e-01,4.44808662e-01,10207,1.50798702e+00,1.22453952e+00
2700,1.18110385e-02,3.08883516e-03,2.61521041e-01,4.47558850e-01,10663,1.56454372e+00,1.27258348e+00
2710,1.20753003e-02,2.98573961e-03,2.47260064e-01,4.56999213e-01,9417,1.40704751e+00,1.19767690e+00
2720,1.24497358e-02,3.15416022e-03,2.53351569e-01,4.62967247e-01,8852,1.44445860e+00,1.21726847e+00
2730,1.11214193e-02,3.11565818e-03,2.80149341e-01,4.47199643e-01,10774,1.54767764e+00,1.28427494e+00
2740,1.17828362e-02,3.10284994e-03,2.63336420e-01,4.50113386e-01,9838,1.48697531e+00,1.24813676e+00
2750,1.14840856e-02,3.00725503e-03,2.61862814e-01,4.45838511e-01,10406,1.43923008e+00,1.25528204e+00
2760,1.17548443e-02,3.28033720e-03,2.79062569e-01,4.80443299e-01,7836,1.35289693e+00,1.21299398e+00
2770,1.23042706e-02,3.40392091e-03,2.76645482e-01,4.51602042e-01,8671,1.52546382e+00,1.28886569e+00
2780,1.13874422e-02,2.96995905e-03,2.60810018e-01,4.46960658e-01,11348,1.57516217e+00,1.26304364e+00
2790,1.22897746e-02,3.21472948e-03,2.61577576e-01,4.46691513e-01,8722,1.43668544e+00,1.24257863e+00
2800,1.18305041e-02,3.28176678e-03,2.77398735e-01,4.44843799e-01,8865,1.43170238e+00,1.27302599e+00
2810,1.20367128e-02,3.10028158e-03,2.57568806e-01,4.45608824e-01,9318,1.44967568e+00,1.23177958e+00
2820,1.28389942e-02,3.31889675e-03,2.58501291e-01,4.34401572e-01,8624,1.48231816e+00,1.24463499e+00
2830,1.25686573e-02,3.38689075e-03,2.69471169e-01,4.40742671e-01,8802,1.55047226e+00,1.29374254e+00
2840,1.12230321e-02,2.93182512e-03,2.61232883e-01,4.55634177e-01,10868,1.50025916e+00,1.23111129e+00
2850,1.23259611e-02,3.03344103e-03,2.46101782e-01,4.35110837e-01,10464,1.51785791e+00,1.26242185e+00
2860,1.24024889e-02,2.98109744e-03,2.40362838e-01,4.39202756e-01,9813,1.43326008e+00,1.21531951e+00
2870,1.07882544e-02,2.82040332e-03,2.61432767e-01,4.57270682e-01,11942,1.50493598e+00,1.24042034e+00
2880,1.16819916e-02,2.95837270e-03,2.53242165e-01,4.39779669e-01,10909,1.49443805e+00,1.24379194e+00
2890,1.14328163e-02,2.88649020e-03,2.52474129e-01,4.50181603e-01,10404,1.39317346e+00,1.20245993e+00
2900,1.14693968e-02,3.48910666e-03,3.04210126e-01,4.63318944e-01,8031,1.40086210e+00,1.26966763e+00
2910,1.19239623e-02,3.26199201e-03,2.73566127e-01,4.43415135e-01,9618,1.54032159e+00,1.27839112e+00
2920,1.15294140e-02,3.45604355e-03,2.99758822e-01,4.64505076e-01,8113,1.43521070e+00,1.26998663e+00
2930,1.17774205e-02,2.81461887e-03,2.38984317e-01,4.59397763e-01,10474,1.43123245e+00,1.18461382e+00
2940,1.29630920e-02,3.15577723e-03,2.43443251e-01,4.31830883e-01,8975,1.47641075e+00,1.23854458e+00
2950,1.16176782e-02,2.86662066e-03,2.46746436e-01,4.51165080e-01,10261,1.41821516e+00,1.19895113e+00
2960,1.27448766e-02,2.95909657e-03,2.32179299e-01,4.30086970e-01,9970,1.44952536e+00,1.21293890e+00
2970,1.11982785e-02,2.91909138e-03,2.60673225e-01,4.50405359e-01,10752,1.48318505e+00,1.23781383e+00
2980,1.14647998e-02,3.02220229e-03,2.63607085e-01,4.49281931e-01,10723,1.57125890e+00,1.25959659e+00
2990,1.25230141e-02,3.38607468e-03,2.70388156e-01,4.46510494e-01,7975,1.41968811e+00,1.24470472e+00
3000,1.11571318e-02,3.22370906e-03,2.88937092e-01,4.55474496e-01,9588,1.49027681e+00,1.27797067e+00
3010,1.09378463e-02,3.16169835e-03,2.89060414e-01,4.60627377e-01,9897,1.47252035e+00,1.27071369e+00
3020,1.12869116e-02,2.98348768e-03,2.64331639e-01,4.69328344e-01,10371,1.48993063e+00,1.22809792e+00
3030,1.29144955e-02,3.07241105e-03,2.37904072e-01,4.25685465e-01,9711,1.46455920e+00,1.21899056e+00
3040,1.19200498e-02,2.84958770e-03,2.39058375e-01,4.29069519e-01,12363,1.60237706e+00,1.26322794e+00
3050,1.20494245e-02,3.09531135e-03,2.56884575e-01,4.43709850e-01,9069,1.40400982e+00,1.22267187e+00
3060,1.21594314e-02,3.29599855e-03,2.71065176e-01,4.59842384e-01,8532,1.42439187e+00,1.23975551e+00
3070,1.28790839e-02,3.26334010e-03,2.53382951e-01,4.30852890e-01,9190,1.54423463e+00,1.27319527e+00
3080,1.10859005e-02,2.76583689e-03,2.49491408e-01,4.61458385e-01,11029,1.42121482e+00,1.19009483e+00
3090,1.09795257e-02,3.48649593e-03,3.17545235e-01,4.58817840e-01,9114,1.52761960e+00,1.33319843e+00
3100,1.12724528e-02,2.88074324e-03,2.55556017e-01,4.39297915e-01,11453,1.45353985e+00,1.22693992e+00
3110,1.18648410e-02,3.29474267e-03,2.77689576e-01,4.50221837e-01,8212,1.35472441e+00,1.24577355e+00
3120,1.22638950e-02,3.23268445e-03,2.63593614e-01,4.62310612e-01,8152,1.41965353e+00,1.21705163e+00
3130,1.20046642e-02,2.89612007e-03,2.41249576e-01,4.48982447e-01,9466,1.32405317e+00,1.17947078e+00
3140,1.09719858e-02,3.17715760e-03,2.89569974e-01,4.47573572e-01,9997,1.49338627e+00,1.29127717e+00
3150,1.25563378e-02,2.99488520e-03,2.38515824e-01,4.52887028e-01,9121,1.40142286e+00,1.19220805e+00
3160,1.29881399e-02,3.52861523e-03,2.71679789e-01,4.44135189e-01,7559,1.47156119e+00,1.26618004e+00
3170,1.15582263e-02,2.82081636e-03,2.44052708e-01,4.59254086e-01,10589,1.43591201e+00,1.19436598e+00
3180,1.14720166e-02,3.18860821e-03,2.77946621e-01,4.40248847e-01,9281,1.46823645e+00,1.26372695e+00
3190,1.21203866e-02,3.00627784e-03,2.48034820e-01,4.47230369e-01,9828,1.41041625e+00,1.20735836e+00
3200,1.29856337e-02,3.24311783e-03,2.49746591e-01,4.43472385e-01,8482,1.46867418e+00,1.23343968e+00
3210,1.25160702e-02,3.35278735e-03,2.67878592e-01,4.43325907e-01,8336,1.42935061e+00,1.25267720e+00
3220,1.15301749e-02,3.12338816e-03,2.70888180e-01,4.60866928e-01,8992,1.40259361e+00,1.23290467e+00
3230,1.29074613e-02,3.13940272e-03,2.43223876e-01,4.32390451e-01,8982,1.42964280e+00,1.21508789e+00
3240,1.09067028e-02,2.76500965e-03,2.53514707e-01,4.59986746e-01,10862,1.40241957e+00,1.19113922e+00
3250,1.17710168e-02,3.36475600e-03,2.85850912e-01,4.52282012e-01,8418,1.46703911e+00,1.26691270e+00
3260,1.25309406e-02,3.31094046e-03,2.64221221e-01,4.40119773e-01,8807,1.49099481e+00,1.25537324e+00
3270,1.19662080e-02,2.94884387e-03,2.46430933e-01,4.49401200e-01,10035,1.46619844e+00,1.21656287e+00
3280,1.09997774e-02,3.01990146e-03,2.74542063e-01,4.50759739e-01,10103,1.41539693e+00,1.24618638e+00
3290,1.11816945e-02,3.05135804e-03,2.72888690e-01,4.56387132e-01,9424,1.37314200e+00,1.22951770e+00
3300,1.10441921e-02,2.88036326e-03,2.60803431e-01,4.59115505e-01,10587,1.42566514e+00,1.22031033e+00
3310,1.20232543e-02,3.00082215e-03,2.49584854e-01,4.41546381e-01,10146,1.51950192e+00,1.23528934e+00
3320,1.18149202e-02,3.18851788e-03,2.69872159e-01,4.49193835e-01,9893,1.50282288e+00,1.26767015e+00
3330,1.15487212e-02,2.87363096e-03,2.48826772e-01,4.41914737e-01,9867,1.35711229e+00,1.21975160e+00
3340,2.01887935e-02,4.26490000e-03,2.11250857e-01,4.60152268e-01,4720,1.57132161e+00,1.16166973e+00
3350,1.49354348e-02,4.23574680e-03,2.83603847e-01,4.39606696e-01,5786,1.49269104e+00,1.26445305e+00
3360,1.31732412e-02,4.46317624e-03,3.38806242e-01,4.77010697e-01,5101,1.37190151e+00,1.27262318e+00
3370,1.41208954e-02,3.96353845e-03,2.80686051e-01,4.74209189e-01,5728,1.37300980e+00,1.18970478e+00
3380,1.46827996e-02,3.97942215e-03,2.71026105e-01,4.25722927e-01,6020,1.41564381e+00,1.26334190e+00
3390,1.39657613e-02,3.86929628e-03,2.77055889e-01,4.68360215e-01,6548,1.50724435e+00,1.25602674e+00
3400,1.30225029e-02,3.58993211e-03,2.75671452e-01,4.83008444e-01,5499,1.17223871e+00,1.16699028e+00
3410,1.28820194e-02,4.03354596e-03,3.13114405e-01,5.01136303e-01,5225,1.30960083e+00,1.23672891e+00
3420,1.51346996e-02,4.76450985e-03,3.14807028e-01,4.56652701e-01,4630,1.46176565e+00,1.26893163e+00
3430,1.40665537e-02,3.84697830e-03,2.73484081e-01,4.59249079e-01,5799,1.34281683e+00,1.21957684e+00
3440,1.32339196e-02,4.32476401e-03,3.26793879e-01,4.99275267e-01,5403,1.38201213e+00,1.26048708e+00
3450,1.28330803e-02,4.17738454e-03,3.25516909e-01,4.64693487e-01,5491,1.33896482e+00,1.27636302e+00
3460,1.54415071e-02,3.92744597e-03,2.54343450e-01,4.37813938e-01,6347,1.46770871e+00,1.24832320e+00
3470,1.30247967e-02,3.75343161e-03,2.88175821e-01,4.87616003e-01,6659,1.40827894e+00,1.23656166e+00
3480,1.47816604e-02,4.23196377e-03,2.86298275e-01,4.58848536e-01,5582,1.49400604e+00,1.27085853e+00
3490,1.37818092e-02,4.47434466e-03,3.24655831e-01,4.51631367e-01,5655,1.62922549e+00,1.34856284e+00
3500,1.44437216e-02,3.61959473e-03,2.50599861e-01,4.76947218e-01,6128,1.36116266e+00,1.14239883e+00
3510,1.47151425e-02,4.82744304e-03,3.28059554e-01,4.46612954e-01,4437,1.43123198e+00,1.29180932e+00
3520,1.38854543e-02,4.39654430e-03,3.16629499e-01,4.63175148e-01,5127,1.45286369e+00,1.28593993e+00
3530,1.41973384e-02,4.05124575e-03,2.85352468e-01,4.71736223e-01,5243,1.33275461e+00,1.19210410e+00
3540,1.50057515e-02,4.17226041e-03,2.78044075e-01,4.44242150e-01,5456,1.40520227e+00,1.26054740e+00
3550,1.50490105e-02,4.15802374e-03,2.76298821e-01,4.88128543e-01,4720,1.30440748e+00,1.19157088e+00
3560,1.49173960e-02,4.37365379e-03,2.93191493e-01,4.50433850e-01,4962,1.39217913e+00,1.27107084e+00
3570,1.22798076e-02,4.02510865e-03,3.27782720e-01,4.87119466e-01,6786,1.53982008e+00,1.31966114e+00
3580,1.41182346e-02,4.25708666e-03,3.01531076e-01,4.53879714e-01,5682,1.48245502e+00,1.27866554e+00
3590,1.41309062e-02,4.11110604e-03,2.90930092e-01,4.32586551e-01,6119,1.45734799e+00,1.29906976e+00
3600,1.44568086e-02,4.25441749e-03,2.94284701e-01,4.38072830e-01,5953,1.56034160e+00,1.31484628e+00
3610,1.48222288e-02,4.60078614e-03,3.10397714e-01,4.64013129e-01,4518,1.35512888e+00,1.24925947e+00
3620,1.59666892e-02,4.08168742e-03,2.55637676e-01,4.44967031e-01,5716,1.54602408e+00,1.24453032e+00
3630,1.50424428e-02,4.12046677e-03,2.73922712e-01,4.57919002e-01,5685,1.50668406e+00,1.24740708e+00
3640,1.47196148e-02,4.29090252e-03,2.91509151e-01,4.35725272e-01,6013,1.52197289e+00,1.31452489e+00
3650,1.34533150e-02,3.88735137e-03,2.88951188e-01,4.62245315e-01,7281,1.64385438e+00,1.30026221e+00
3660,1.52444681e-02,4.54945816e-03,2.98433393e-01,4.69892949e-01,4695,1.45688641e+00,1.27255177e+00
3670,1.42921712e-02,3.89854959e-03,2.72775173e-01,4.71373558e-01,5722,1.36596966e+00,1.20702350e+00
3680,1.36894369e-02,4.01000213e-03,2.92926729e-01,4.78335440e-01,6392,1.54335690e+00,1.27107072e+00
3690,1.38077252e-02,3.94578325e-03,2.85766363e-01,4.82428849e-01,5830,1.36875355e+00,1.21162128e+00
3700,1.56070152e-02,4.09044325e-03,2.62090027e-01,4.33579892e-01,6303,1.59057260e+00,1.25569463e+00
3710,1.44615937e-02,3.73931252e-03,2.58568496e-01,4.44350928e-01,6617,1.46329117e+00,1.23620963e+00
3720,1.40027627e-02,4.03839583e-03,2.88399935e-01,4.64986652e-01,5888,1.41977656e+00,1.23721099e+00
3730,1.26302335e-02,4.17189859e-03,3.30310494e-01,4.76274401e-01,5352,1.32709825e+00,1.26558459e+00
3740,1.45527339e-02,3.99029395e-03,2.74195492e-01,4.64856267e-01,5411,1.35656428e+00,1.19008064e+00
3750,1.39448335e-02,4.27905424e-03,3.06855887e-01,4.68618929e-01,5361,1.37866318e+00,1.25349677e+00
3760,1.32017704e-02,3.92307295e-03,2.97162652e-01,4.59308326e-01,6281,1.41194952e+00,1.25727141e+00
3770,1.32778836e-02,4.66637546e-03,3.51439714e-01,4.64033008e-01,5075,1.46543169e+00,1.35925853e+00
3780,1.25468057e-02,4.16818168e-03,3.32210600e-01,4.75175798e-01,6174,1.47394407e+00,1.29407394e+00
3790,1.31449085e-02,3.85385845e-03,2.93182611e-01,4.68376845e-01,6446,1.45349693e+00,1.26958585e+00
3800,1.33857541e-02,3.90735641e-03,2.91904092e-01,4.70487684e-01,6347,1.48576558e+00,1.26851857e+00
3810,1.41069526e-02,4.19755839e-03,2.97552466e-01,4.71294791e-01,5005,1.33098996e+00,1.23584795e+00
3820,1.38174770e-02,3.61416186e-03,2.61564523e-01,4.74011242e-01,6570,1.42903936e+00,1.19976223e+00
3830,1.45480121e-02,4.27298993e-03,2.93716401e-01,4.47854757e-01,5153,1.36828744e+00,1.24823081e+00
3840,1.53981596e-02,4.41574818e-03,2.86771178e-01,4.41925406e-01,5390,1.54273772e+00,1.30740285e+00
3850,1.44412704e-02,4.18040343e-03,2.89476156e-01,4.52817380e-01,5173,1.37647498e+00,1.25068092e+00
3860,1.43358335e-02,3.88832553e-03,2.71231204e-01,4.54116076e-01,5531,1.36177063e+00,1.21725488e+00
3870,1.39397336e-02,4.30407701e-03,3.08763206e-01,4.95290339e-01,5237,1.46338141e+00,1.24508619e+00
3880,1.34426150e-02,4.38552070e-03,3.26240152e-01,4.60748136e-01,5490,1.45445824e+00,1.31355023e+00
3890,1.36336964e-02,4.09131777e-03,3.00088674e-01,4.59320128e-01,5551,1.32658577e+00,1.22280276e+00
3900,1.43923275e-02,4.04367922e-03,2.80960768e-01,4.61090207e-01,5549,1.35967398e+00,1.20921946e+00
3910,1.39179695e-02,4.10330761e-03,2.94820845e-01,4.60159451e-01,5054,1.30067134e+00,1.21837473e+00
3920,1.38916522e-02,3.94206494e-03,2.83772230e-01,4.46387172e-01,6434,1.59420061e+00,1.29719114e+00
3930,1.49752554e-02,4.12400952e-03,2.75388271e-01,4.36197102e-01,6490,1.59887815e+00,1.32391465e+00
3940,1.43148554e-02,4.00215387e-03,2.79580474e-01,4.55503523e-01,5458,1.38184357e+00,1.22711217e+00
3950,1.52199809e-02,4.29379800e-03,2.82115847e-01,4.63097513e-01,4856,1.38587940e+00,1.21915114e+00
3960,1.51099497e-02,4.23854450e-03,2.80513465e-01,4.38239962e-01,5268,1.35590851e+00,1.23403335e+00
3970,1.30199511e-02,3.75618297e-03,2.88494408e-01,4.65777099e-01,6529,1.35772026e+00,1.21637237e+00
3980,1.37247276e-02,4.44544712e-03,3.23900580e-01,4.70979124e-01,5424,1.46546912e+00,1.29253817e+00
3990,1.47182140e-02,3.81776830e-03,2.59390742e-01,4.52241659e-01,5262,1.26163721e+00,1.17660451e+00
4000,1.44151365e-02,4.20773309e-03,2.91896850e-01,4.74986076e-01,4994,1.33046508e+00,1.20678294e+00
4010,1.22852521e-02,3.50121083e-03,2.84992993e-01,4.78512049e-01,6624,1.26957154e+00,1.17165864e+00
4020,1.40000191e-02,4.22413694e-03,3.01723659e-01,4.79392707e-01,5480,1.43635833e+00,1.25230610e+00
4030,1.43778799e-02,4.00044955e-03,2.78236389e-01,4.59425837e-01,5743,1.40853715e+00,1.22097695e+00
4040,1.43373394e-02,4.38471511e-03,3.05824876e-01,4.64209557e-01,5240,1.42200565e+00,1.28397989e+00
4050,1.54512832e-02,3.97738442e-03,2.57414520e-01,4.50962961e-01,5167,1.32436681e+00,1.18743801e+00
4060,1.35081941e-02,4.37996583e-03,3.24245095e-01,4.81980860e-01,5580,1.48025715e+00,1.27736020e+00
4070,1.42016606e-02,4.09020483e-03,2.88008898e-01,4.64578032e-01,5050,1.30276680e+00,1.20956767e+00
4080,1.50105441e-02,4.15011309e-03,2.76479870e-01,4.79509443e-01,5300,1.47572064e+00,1.21663964e+00
4090,1.32456897e-02,3.89477098e-03,2.94040620e-01,4.80631262e-01,5927,1.39450431e+00,1.22323632e+00
4100,1.26873404e-02,4.49158112e-03,3.54020685e-01,4.66552913e-01,5365,1.43229175e+00,1.31431448e+00
4110,1.43568534e-02,4.21082554e-03,2.93297231e-01,4.73596632e-01,5702,1.56155312e+00,1.25390935e+00
4120,1.46669718e-02,3.94966081e-03,2.69289464e-01,4.82059598e-01,5912,1.47365093e+00,1.20696628e+00
4130,1.35706514e-02,3.88506381e-03,2.86284268e-01,4.47541654e-01,6047,1.34512377e+00,1.22793210e+00
4140,1.33996587e-02,4.31597792e-03,3.22096109e-01,4.81074274e-01,4687,1.27605355e+00,1.22273839e+00
4150,1.24339499e-02,3.68809281e-03,2.96614736e-01,4.81104970e-01,6937,1.42111039e+00,1.24337816e+00
4160,1.37239015e-02,3.99878481e-03,2.91373760e-01,4.86347258e-01,4747,1.22111630e+00,1.17163014e+00
4170,1.45926755e-02,3.68516915e-03,2.52535552e-01,4.52456236e-01,6021,1.33793783e+00,1.19030166e+00
4180,1.44208912e-02,3.87972430e-03,2.69034982e-01,4.39370036e-01,7379,1.66886044e+00,1.31153107e+00
4190,1.41971586e-02,4.27251309e-03,3.00941408e-01,4.44828808e-01,5835,1.52324617e+00,1.31247342e+00
4200,1.46687943e-02,4.23867861e-03,2.88958907e-01,4.55131620e-01,5447,1.43741679e+00,1.23707891e+00
4210,1.44384410e-02,3.84099898e-03,2.66025871e-01,4.71152365e-01,6809,1.62484312e+00,1.24472678e+00
4220,1.38107911e-02,3.95641662e-03,2.86472857e-01,4.51267719e-01,6471,1.48442733e+00,1.26045561e+00
4230,1.36938030e-02,4.54756245e-03,3.32089067e-01,4.59309667e-01,4685,1.29986644e+00,1.26904571e+00
4240,1.48685081e-02,3.81861115e-03,2.56825447e-01,4.77358341e-01,5538,1.34205818e+00,1.15545726e+00
4250,1.36484690e-02,3.89939826e-03,2.85702258e-01,4.76537824e-01,5693,1.34770060e+00,1.21212697e+00
4260,1.43808462e-02,4.42858040e-03,3.07949930e-01,4.57945108e-01,5291,1.48181391e+00,1.31637704e+00
4270,1.60120614e-02,4.34634928e-03,2.71442205e-01,4.48101431e-01,5092,1.45952857e+00,1.24772358e+00
4280,1.48856798e-02,4.02983325e-03,2.70718783e-01,4.21699286e-01,5807,1.41182506e+00,1.24699545e+00
4290,1.48231508e-02,4.02908260e-03,2.71810144e-01,4.51223731e-01,5776,1.50070012e+00,1.26167321e+00
4300,1.45707065e-02,4.14550304e-03,2.84509391e-01,4.59606528e-01,4773,1.25761533e+00,1.19986188e+00
4310,1.42441513e-02,4.26340243e-03,2.99308985e-01,4.85897541e-01,5154,1.37622714e+00,1.23070061e+00
4320,1.24822231e-02,4.19178559e-03,3.35820436e-01,4.73919511e-01,6002,1.44479609e+00,1.29257214e+00
4330,1.29251843e-02,4.13104100e-03,3.19611758e-01,4.75887150e-01,5539,1.34874487e+00,1.25541997e+00
4340,1.34874349e-02,4.42906935e-03,3.28384846e-01,5.02108932e-01,4661,1.35323036e+00,1.24256396e+00
4350,1.46968430e-02,4.30076988e-03,2.92632222e-01,4.37627912e-01,5370,1.47061431e+00,1.28479052e+00
4360,1.25958826e-02,4.16978169e-03,3.31043243e-01,4.87800896e-01,5100,1.26263988e+00,1.23564589e+00
4370,1.60052031e-02,4.46566008e-03,2.79013008e-01,4.26071793e-01,4889,1.39808071e+00,1.25304425e+00
4380,1.48486122e-02,4.25942754e-03,2.86856949e-01,4.81200278e-01,4810,1.41929340e+00,1.21570909e+00
4390,1.40225329e-02,4.01931535e-03,2.86632627e-01,4.81643200e-01,5351,1.35780120e+00,1.20269787e+00
4400,1.60360895e-02,4.36616456e-03,2.72271156e-01,4.22661096e-01,5068,1.48212528e+00,1.25999594e+00
4410,1.61265004e-02,4.25116345e-03,2.63613522e-01,4.34774160e-01,4987,1.41779757e+00,1.22137737e+00
4420,1.41991824e-02,3.68074444e-03,2.59222269e-01,4.55758750e-01,6602,1.43216300e+00,1.20661116e+00
4430,1.33569175e-02,4.10773279e-03,3.07535976e-01,4.83125925e-01,4842,1.27703917e+00,1.20606375e+00
4440,1.61929093e-02,4.36035916e-03,2.69275844e-01,4.53540564e-01,5421,1.60572517e+00,1.25368142e+00
4450,1.38870301e-02,3.93223530e-03,2.83158839e-01,4.56757963e-01,5923,1.41751993e+00,1.21713579e+00
4460,1.54289249e-02,4.25001327e-03,2.75457501e-01,4.71938848e-01,5088,1.44645727e+00,1.20967174e+00
4470,1.28045818e-02,3.98791488e-03,3.11444372e-01,4.70855713e-01,6072,1.43694735e+00,1.27040505e+00
4480,1.54289743e-02,3.69729241e-03,2.39633068e-01,4.55366731e-01,6112,1.42911744e+00,1.18212271e+00
4490,1.30842132e-02,4.14342061e-03,3.16673279e-01,4.79181826e-01,5814,1.44974065e+00,1.26832461e+00
4500,1.46534331e-02,4.02290327e-03,2.74536580e-01,4.74819541e-01,5235,1.36081004e+00,1.18784034e+00
4510,1.36857759e-02,4.12186002e-03,3.01178396e-01,4.77246225e-01,5224,1.31717265e+00,1.21813822e+00
4520,1.57250278e-02,3.67920124e-03,2.33971044e-01,4.39086914e-01,6507,1.51684177e+00,1.22543716e+00
4530,1.42883472e-02,3.96420946e-03,2.77443528e-01,4.74513263e-01,5277,1.33666778e+00,1.19722939e+00
4540,1.52326636e-02,3.81485466e-03,2.50439107e-01,4.61837709e-01,6243,1.51982892e+00,1.21244180e+00
4550,1.53443320e-02,3.97149613e-03,2.58824974e-01,4.70783472e-01,5730,1.49917626e+00,1.21054006e+00
4560,1.49894236e-02,4.07466851e-03,2.71836251e-01,4.69306618e-01,5305,1.41454661e+00,1.21870053e+00
4570,1.44735035e-02,3.96519480e-03,2.73962349e-01,4.62830544e-01,5381,1.37369418e+00,1.19897485e+00
4580,1.57226827e-02,4.19394113e-03,2.66744614e-01,4.60404277e-01,5027,1.41686726e+00,1.20417821e+00
4590,1.50826834e-02,4.12372826e-03,2.73408115e-01,4.32726890e-01,5366,1.38971019e+00,1.24428904e+00
4600,1.42757846e-02,3.98206851e-03,2.78938681e-01,5.00357032e-01,4679,1.22318888e+00,1.13850296e+00
4610,1.51019106e-02,3.93468374e-03,2.60542125e-01,4.41772044e-01,6616,1.58444810e+00,1.28626716e+00
4620,1.46991936e-02,4.14607814e-03,2.82061607e-01,4.77261066e-01,5189,1.43928194e+00,1.23610568e+00
4630,1.34353898e-02,4.33871197e-03,3.22931588e-01,4.80877012e-01,5232,1.41213083e+00,1.25377607e+00
4640,1.39702270e-02,4.90671163e-03,3.51226330e-01,4.57250178e-01,4574,1.48262572e+00,1.32652807e+00
4650,1.46825649e-02,3.69779137e-03,2.51849145e-01,4.52378333e-01,5606,1.29256558e+00,1.15410113e+00
4660,1.47960009e-02,3.69009189e-03,2.49397919e-01,4.59153563e-01,5814,1.37946689e+00,1.19150174e+00
4670,1.33334538e-02,3.81782535e-03,2.86334306e-01,4.61794108e-01,5846,1.32022858e+00,1.23327255e+00
4680,1.29856039e-02,4.09221230e-03,3.15134525e-01,4.68633443e-01,5582,1.38870931e+00,1.26704657e+00
4690,1.44862114e-02,3.90385673e-03,2.69487768e-01,4.56584603e-01,6256,1.50011146e+00,1.24426031e+00
4700,1.51376482e-02,4.44012368e-03,2.93316603e-01,4.62742627e-01,4683,1.40910923e+00,1.24004507e+00
4710,1.31849125e-02,4.16847784e-03,3.16155136e-01,4.82566059e-01,5541,1.43187082e+00,1.24227846e+00
4720,1.28628230e-02,3.81384278e-03,2.96501219e-01,4.53562021e-01,6316,1.32266712e+00,1.24367082e+00
4730,1.25906067e-02,4.12219204e-03,3.27402174e-01,4.80134606e-01,5628,1.34695363e+00,1.26504445e+00
4740,1.41903181e-02,4.29520896e-03,3.02685887e-01,4.54835027e-01,5149,1.44984615e+00,1.31177604e+00
4750,1.34677626e-02,3.98955913e-03,2.96230286e-01,4.98816192e-01,5156,1.28898346e+00,1.18566108e+00
4760,1.39282411e-02,4.13854560e-03,2.97133386e-01,4.60957944e-01,5127,1.39237046e+00,1.26039016e+00
4770,1.46777499e-02,4.10734350e-03,2.79834688e-01,4.61621404e-01,5059,1.36058676e+00,1.22556734e+00
4780,1.27839614e-02,3.88763146e-03,3.04102242e-01,4.71048027e-01,6362,1.40814650e+00,1.24248672e+00
4790,1.34989526e-02,4.35761875e-03,3.22811633e-01,4.78414536e-01,4876,1.36481833e+00,1.25593901e+00
4800,1.51063595e-02,4.10798192e-03,2.71937251e-01,4.49724406e-01,5043,1.37291360e+00,1.21871233e+00
4810,1.62525438e-02,3.99865303e-03,2.46032447e-01,4.40696657e-01,4862,1.30801904e+00,1.15535569e+00
4820,1.28235947e-02,3.80608439e-03,2.96803236e-01,4.98776972e-01,6806,1.48853862e+00,1.25556993e+00
4830,1.44000314e-02,3.71607463e-03,2.58060187e-01,4.57899064e-01,6390,1.40334880e+00,1.19814336e+00
4840,1.42369997e-02,3.71281267e-03,2.60786176e-01,4.77013320e-01,6190,1.41233611e+00,1.19951105e+00
4850,1.51039381e-02,4.13971581e-03,2.74081886e-01,4.55015838e-01,4578,1.26732790e+00,1.18924546e+00
4860,1.38036748e-02,3.87753500e-03,2.80905992e-01,4.47181612e-01,5891,1.37154412e+00,1.23581052e+00
4870,1.41684879e-02,3.95403849e-03,2.79072732e-01,4.31259394e-01,6123,1.45193720e+00,1.26623809e+00
4880,1.51207540e-02,4.26260941e-03,2.81904548e-01,4.81959403e-01,4955,1.42135334e+00,1.20835149e+00
4890,1.62564721e-02,4.19662287e-03,2.58150905e-01,4.52350974e-01,4790,1.38027537e+00,1.19939852e+00
4900,1.30822118e-02,3.66110494e-03,2.79853672e-01,4.73710418e-01,6432,1.38966024e+00,1.20768833e+00
4910,1.52204558e-02,4.12951224e-03,2.71313310e-01,4.47937340e-01,5088,1.35642385e+00,1.19523561e+00
4920,1.52944345e-02,4.23946418e-03,2.77190000e-01,4.55281049e-01,4455,1.28952658e+00,1.19897187e+00
4930,1.24466121e-02,4.39685676e-03,3.53257328e-01,4.82203752e-01,5982,1.52972996e+00,1.33694947e+00
4940,1.33040436e-02,4.27426398e-03,3.21275562e-01,4.58291978e-01,5615,1.38847315e+00,1.27748680e+00
4950,1.34114865e-02,4.48026601e-03,3.34061861e-01,4.85272497e-01,4958,1.39158261e+00,1.28747094e+00
4960,1.30345840e-02,3.83661198e-03,2.94340968e-01,4.42106396e-01,6403,1.38961899e+00,1.27441978e+00
4970,1.55307632e-02,4.03258810e-03,2.59651631e-01,4.44121480e-01,5197,1.36364698e+00,1.19875014e+00
4980,1.52487364e-02,4.07886505e-03,2.67488718e-01,4.67588931e-01,5853,1.55792749e+00,1.23312855e+00
4990,1.30782966e-02,3.92011786e-03,2.99742222e-01,4.56161082e-01,6286,1.38496172e+00,1.25642455e+00
5000,1.35037815e-02,3.77029483e-03,2.79202878e-01,4.82869148e-01,6860,1.53365028e+00,1.22841239e+00
5010,2.30297279e-02,7.52535556e-03,3.26767027e-01,4.85480905e-01,1677,1.28544497e+00,1.23817408e+00
5020,1.41698765e-02,4.19450412e-03,2.96015561e-01,4.41997439e-01,5082,1.32051992e+00,1.24295640e+00
5030,1.51232667e-02,3.75259295e-03,2.48133749e-01,4.63503361e-01,5191,1.24098754e+00,1.14415872e+00
5040,1.18443286e-02,4.04992839e-03,3.41929764e-01,4.70533222e-01,5447,1.25773251e+00,1.26188397e+00
5050,1.36927599e-02,3.90913431e-03,2.85489142e-01,4.66458350e-01,5420,1.33372569e+00,1.21290123e+00
5060,1.35548906e-02,3.93166626e-03,2.90055186e-01,4.64020073e-01,5509,1.30155742e+00,1.23570704e+00
5070,1.38751287e-02,3.69124720e-03,2.66033381e-01,4.78179216e-01,5870,1.34561598e+00,1.17573893e+00
5080,1.41591709e-02,3.95820616e-03,2.79550701e-01,4.71065313e-01,4812,1.22822750e+00,1.18690884e+00
5090,1.42789725e-02,3.84930451e-03,2.69578546e-01,4.63458508e-01,6108,1.42101884e+00,1.22408807e+00
5100,1.30504770e-02,3.69670265e-03,2.83261865e-01,4.86463904e-01,6023,1.31541145e+00,1.18520641e+00
5110,1.25801861e-02,4.12474899e-03,3.27876627e-01,4.83723700e-01,4741,1.22490442e+00,1.22108817e+00
5120,1.39580732e-02,3.87087837e-03,2.77321815e-01,4.53053743e-01,5820,1.36472023e+00,1.20829773e+00
5130,1.42576210e-02,4.16936073e-03,2.92430311e-01,4.59099650e-01,5363,1.36194170e+00,1.23207068e+00
5140,1.70851536e-02,4.55338834e-03,2.66511410e-01,4.51632142e-01,4118,1.44517481e+00,1.20733070e+00
5150,1.33126304e-02,3.88519117e-03,2.91842490e-01,4.73072082e-01,5617,1.29293907e+00,1.20103133e+00
5160,1.36992196e-02,3.80115025e-03,2.77472019e-01,4.59065139e-01,5895,1.33402932e+00,1.20549667e+00
5170,1.35984709e-02,4.17225948e-03,3.06818277e-01,4.56139803e-01,5419,1.33556938e+00,1.24222147e+00
5180,1.64285246e-02,4.22703614e-03,2.57298589e-01,4.55944598e-01,4764,1.39336908e+00,1.20213652e+00
5190,1.43875759e-02,4.10777796e-03,2.85508692e-01,4.56015944e-01,5236,1.34053588e+00,1.21257854e+00
5200,1.40534537e-02,4.21685260e-03,3.00058097e-01,4.65024263e-01,5487,1.39060533e+00,1.25231194e+00
5210,1.48177603e-02,4.17694775e-03,2.81887919e-01,4.51615751e-01,4895,1.29273391e+00,1.19080222e+00
5220,1.54596493e-02,3.95209063e-03,2.55639076e-01,4.56254482e-01,5304,1.37716997e+00,1.18426704e+00
5230,1.30793368e-02,3.87495640e-03,2.96265513e-01,4.61742997e-01,6587,1.44078147e+00,1.24624848e+00
5240,1.37087554e-02,4.20195190e-03,3.06515932e-01,4.86492664e-01,5445,1.42510653e+00,1.24498427e+00
5250,1.22619411e-02,3.53699899e-03,2.88453430e-01,4.70337570e-01,8527,1.51304603e+00,1.24771380e+00
5260,1.33239310e-02,3.77291930e-03,2.83168644e-01,4.72290814e-01,6207,1.39264536e+00,1.22526884e+00
5270,1.40069462e-02,4.28366894e-03,3.05824608e-01,4.62765396e-01,5188,1.40104377e+00,1.26850557e+00
5280,1.40700024e-02,3.96642089e-03,2.81906188e-01,4.77021813e-01,5774,1.47217011e+00,1.22500300e+00
5290,1.37595041e-02,4.26846556e-03,3.10219437e-01,4.80712652e-01,5009,1.34381831e+00,1.22798860e+00
5300,1.26871625e-02,3.82435438e-03,3.01434964e-01,4.87468630e-01,5465,1.22561920e+00,1.19387388e+00
5310,1.78349558e-02,3.63006210e-03,2.03536361e-01,4.45555449e-01,5644,1.42660081e+00,1.14481425e+00
5320,1.29950317e-02,3.92186036e-03,3.01796913e-01,4.80734497e-01,6213,1.43796682e+00,1.27078462e+00
5330,1.33892316e-02,3.97614995e-03,2.96966255e-01,4.49047685e-01,6276,1.42329741e+00,1.27381313e+00
5340,1.37538519e-02,3.69714759e-03,2.68808156e-01,4.74840701e-01,6263,1.38278580e+00,1.19125748e+00
5350,1.35446452e-02,3.67870484e-03,2.71598458e-01,4.47740376e-01,7165,1.47850776e+00,1.23532891e+00
5360,1.29201887e-02,4.00030706e-03,3.09616774e-01,4.64467704e-01,6271,1.50103354e+00,1.29956448e+00
5370,1.44359190e-02,4.14384156e-03,2.87050754e-01,4.67616558e-01,5345,1.35025167e+00,1.21920884e+00
5380,1.55782141e-02,4.16205684e-03,2.67171621e-01,4.46016133e-01,5563,1.46162534e+00,1.23411918e+00
5390,1.52632175e-02,3.75003181e-03,2.45690778e-01,4.51222509e-01,6482,1.44773388e+00,1.18449461e+00
5400,1.42408283e-02,4.22765687e-03,2.96868742e-01,4.45473611e-01,4783,1.26442146e+00,1.22942090e+00
5410,1.49920601e-02,4.08139825e-03,2.72237331e-01,4.64348346e-01,5147,1.33117151e+00,1.19421554e+00
5420,1.31258443e-02,4.38457308e-03,3.34041238e-01,4.67479944e-01,4853,1.30219603e+00,1.26012981e+00
5430,1.30382692e-02,3.95695819e-03,3.03487986e-01,4.65777636e-01,6039,1.41615629e+00,1.23785126e+00
5440,1.35553535e-02,4.12518252e-03,3.04321289e-01,4.68394041e-01,5418,1.32465863e+00,1.22621274e+00
5450,1.24240713e-02,3.69315478e-03,2.97258019e-01,4.69912916e-01,7449,1.48202181e+00,1.25232291e+00
5460,1.32124638e-02,3.92777240e-03,2.97277808e-01,4.61352825e-01,5952,1.38273335e+00,1.23528004e+00
5470,1.39447665e-02,3.99240199e-03,2.86301106e-01,4.70295906e-01,5141,1.28991342e+00,1.20267653e+00
5480,1.34917581e-02,4.11393913e-03,3.04922402e-01,4.45943922e-01,5952,1.43538690e+00,1.27050269e+00
5490,1.60793010e-02,4.41526389e-03,2.74593025e-01,4.37469304e-01,4502,1.35455251e+00,1.21630228e+00
5500,1.31619181e-02,3.51361535e-03,2.66953140e-01,4.70481217e-01,6636,1.33630192e+00,1.16619062e+00
5510,1.41390180e-02,4.36996901e-03,3.09071600e-01,4.59537327e-01,4866,1.31185877e+00,1.24908960e+00
5520,1.50847044e-02,3.97291780e-03,2.63373911e-01,4.47060198e-01,5507,1.36415768e+00,1.21190143e+00
5530,1.41404839e-02,3.96465044e-03,2.80375868e-01,4.56726432e-01,5744,1.38569689e+00,1.21509755e+00
5540,1.47435544e-02,3.84124229e-03,2.60537058e-01,4.48138684e-01,6104,1.39247477e+00,1.21524608e+00
5550,1.48990704e-02,3.99085274e-03,2.67859191e-01,4.72851813e-01,4982,1.31724060e+00,1.14794004e+00
5560,1.75165571e-02,3.90343089e-03,2.22842351e-01,4.28258836e-01,5667,1.47979772e+00,1.17095280e+00
5570,1.38664041e-02,3.84175219e-03,2.77054697e-01,4.51471627e-01,5595,1.30127871e+00,1.20416749e+00
5580,1.40222339e-02,3.70711484e-03,2.64374048e-01,4.67235804e-01,6555,1.45421731e+00,1.21552074e+00
5590,1.46320807e-02,4.48157080e-03,3.06283891e-01,4.70225155e-01,4311,1.30934083e+00,1.21906948e+00
5600,1.56316888e-02,4.16461751e-03,2.66421467e-01,4.62519944e-01,4705,1.34069502e+00,1.20600295e+00
5610,1.41129168e-02,4.14837617e-03,2.93941796e-01,4.46177721e-01,4832,1.21663630e+00,1.20088542e+00
5620,1.47984419e-02,3.71061289e-03,2.50743479e-01,4.65291291e-01,4957,1.22778153e+00,1.15249968e+00
5630,1.43805444e-02,4.00014874e-03,2.78163940e-01,4.78785843e-01,5015,1.27742004e+00,1.16121626e+00
5640,1.45012205e-02,4.50271787e-03,3.10506135e-01,4.57231909e-01,4425,1.31357527e+00,1.25345457e+00
5650,1.37280384e-02,4.48755408e-03,3.26889694e-01,4.83433545e-01,5307,1.45372665e+00,1.28426635e+00
5660,1.20166121e-02,3.61038814e-03,3.00449759e-01,4.70885754e-01,7569,1.48767138e+00,1.26944685e+00
5670,1.51938563e-02,3.59089463e-03,2.36338601e-01,4.76113528e-01,4585,1.11527300e+00,1.08677888e+00
5680,1.56950783e-02,3.88249708e-03,2.47370347e-01,4.73026395e-01,5036,1.32738483e+00,1.15380931e+00
5690,1.41835734e-02,4.27692803e-03,3.01540941e-01,4.50597852e-01,4682,1.23810983e+00,1.20416999e+00
5700,1.34419920e-02,4.43007238e-03,3.29569638e-01,4.65084732e-01,5280,1.43381262e+00,1.31111884e+00
5710,1.67018399e-02,4.14130045e-03,2.47954741e-01,4.71871674e-01,4744,1.37666166e+00,1.18805134e+00
5720,1.42742088e-02,3.87853524e-03,2.71716297e-01,4.63198304e-01,5546,1.34824502e+00,1.20709610e+00
5730,1.63253453e-02,4.27436503e-03,2.61823863e-01,4.48546320e-01,4556,1.31258464e+00,1.18930340e+00
5740,1.42609477e-02,3.84566700e-03,2.69664198e-01,4.62913305e-01,5729,1.35689497e+00,1.19699001e+00
5750,1.41048906e-02,3.75294685e-03,2.66074151e-01,4.59300905e-01,5576,1.31993854e+00,1.18270540e+00
5760,1.52308596e-02,4.48075868e-03,2.94189483e-01,4.59962457e-01,4676,1.38947976e+00,1.24116313e+00
5770,1.50849670e-02,3.71677638e-03,2.46389434e-01,4.30702031e-01,6449,1.43989110e+00,1.23350239e+00
5780,1.43671455e-02,4.10010945e-03,2.85380930e-01,4.57503945e-01,5913,1.50340128e+00,1.23525965e+00
5790,1.36379991e-02,3.93346371e-03,2.88419425e-01,4.70972598e-01,5713,1.39327323e+00,1.24111259e+00
5800,1.50108449e-02,3.65648814e-03,2.43589759e-01,4.60411549e-01,6146,1.35775256e+00,1.16448903e+00
5810,1.22779571e-02,3.97511292e-03,3.23760122e-01,4.67395067e-01,6892,1.52368975e+00,1.32586288e+00
5820,1.43358754e-02,3.73558607e-03,2.60576069e-01,4.80850905e-01,5184,1.24662483e+00,1.13685870e+00
5830,1.34323528e-02,4.08850657e-03,3.04377556e-01,4.87837076e-01,5011,1.26147246e+00,1.18336797e+00
5840,1.45694753e-02,3.95934237e-03,2.71755993e-01,4.75765377e-01,5006,1.27171719e+00,1.17280173e+00
5850,1.62965544e-02,3.74126248e-03,2.29573831e-01,4.47478652e-01,5539,1.35880160e+00,1.14850628e+00
5860,1.47512071e-02,3.76894418e-03,2.55500734e-01,4.60517228e-01,5733,1.34182024e+00,1.18215954e+00
5870,1.44339493e-02,3.94311920e-03,2.73183674e-01,4.73603457e-01,4851,1.24872029e+00,1.16938150e+00
5880,1.37944221e-02,3.91396042e-03,2.83735007e-01,4.72967982e-01,4457,1.11092854e+00,1.14787078e+00
5890,1.34331528e-02,4.10501752e-03,3.05588543e-01,4.52761471e-01,6021,1.45389950e+00,1.29656088e+00
5900,1.37006287e-02,3.93619714e-03,2.87300467e-01,4.72556323e-01,6303,1.44789875e+00,1.22670484e+00
5910,1.32235857e-02,3.82342865e-03,2.89137065e-01,4.54647094e-01,6359,1.35253716e+00,1.21831608e+00
5920,1.50418570e-02,3.75317433e-03,2.49515355e-01,4.63142395e-01,5829,1.42832875e+00,1.17823434e+00
5930,1.46551449e-02,3.89219727e-03,2.65585721e-01,4.62104917e-01,5076,1.24230206e+00,1.15612817e+00
5940,1.31095033e-02,3.60350008e-03,2.74876922e-01,4.80259538e-01,5967,1.26404607e+00,1.15439224e+00
5950,1.57525968e-02,3.60929524e-03,2.29123831e-01,4.49979484e-01,5916,1.35401762e+00,1.15864515e+00
5960,1.49917081e-02,4.01841849e-03,2.68042743e-01,4.59964812e-01,5876,1.51792383e+00,1.25467277e+00
5970,1.38734076e-02,4.40310547e-03,3.17377359e-01,4.56364900e-01,5081,1.52597916e+00,1.30352676e+00
5980,1.28883384e-02,4.05849749e-03,3.14896882e-01,4.63154286e-01,5739,1.37908947e+00,1.25595808e+00
5990,1.50175774e-02,3.97919537e-03,2.64969200e-01,4.59004760e-01,5612,1.40676558e+00,1.19871259e+00
6000,1.43919010e-02,4.37321747e-03,3.03866565e-01,4.63082016e-01,5064,1.38986170e+00,1.23202169e+00
6010,1.43310903e-02,4.01039235e-03,2.79838622e-01,4.70029533e-01,5353,1.36813557e+00,1.21783972e+00
6020,1.48063237e-02,4.07283008e-03,2.75073677e-01,4.57971156e-01,5791,1.47815979e+00,1.22449946e+00
6030,1.67711601e-02,3.94320861e-03,2.35118419e-01,4.41356808e-01,5183,1.38815367e+00,1.16108847e+00
6040,1.54002076e-02,3.94000998e-03,2.55841345e-01,4.56518352e-01,4842,1.26558149e+00,1.16498864e+00
6050,1.29491808e-02,4.09302115e-03,3.16083401e-01,4.61326897e-01,6394,1.49007344e+00,1.30510485e+00
6060,1.25810355e-02,3.57156922e-03,2.83885151e-01,4.65176672e-01,7065,1.41902852e+00,1.23058867e+00
6070,1.27859805e-02,3.47166485e-03,2.71521211e-01,4.55346793e-01,6942,1.31396151e+00,1.20336699e+00
6080,1.41573660e-02,4.07277932e-03,2.87679166e-01,4.47120219e-01,5729,1.44592547e+00,1.28234076e+00
6090,1.29533885e-02,4.25685011e-03,3.28628302e-01,4.95448470e-01,4883,1.30236590e+00,1.23681927e+00
6100,1.52944820e-02,3.87604814e-03,2.53427893e-01,4.85690713e-01,4787,1.24798656e+00,1.12660122e+00
6110,1.23236962e-02,4.11235495e-03,3.33694935e-01,4.73426104e-01,5488,1.31521118e+00,1.26644289e+00
6120,1.58583578e-02,4.22217092e-03,2.66242623e-01,4.54851210e-01,5428,1.50165892e+00,1.23238266e+00
6130,1.29075395e-02,4.07920824e-03,3.16032976e-01,4.29324836e-01,6789,1.52542424e+00,1.34588909e+00
6140,1.45792169e-02,4.15246747e-03,2.84821033e-01,4.40686554e-01,5258,1.37074566e+00,1.22641456e+00
6150,1.36776930e-02,4.03880561e-03,2.95284122e-01,4.59815234e-01,5205,1.27079690e+00,1.20271063e+00
6160,1.35129159e-02,3.49115301e-03,2.58356750e-01,4.82270181e-01,5232,1.13222969e+00,1.11671221e+00
6170,1.34562943e-02,3.86563223e-03,2.87273169e-01,4.79396939e-01,5739,1.31493449e+00,1.20636642e+00
6180,1.38854235e-02,4.14258474e-03,2.98340529e-01,4.67949152e-01,5318,1.33159554e+00,1.22475803e+00
6190,1.55061549e-02,3.84985283e-03,2.48279020e-01,4.58400697e-01,4755,1.19568932e+00,1.12915552e+00
6200,1.39041385e-02,4.04616678e-03,2.91004509e-01,4.54234332e-01,5454,1.34410000e+00,1.24900174e+00
6210,1.49038294e-02,3.70547082e-03,2.48625413e-01,4.42638457e-01,5806,1.33680272e+00,1.18360400e+00
6220,1.23722069e-02,3.70654115e-03,2.99586087e-01,4.72206205e-01,5992,1.25938177e+00,1.22133827e+00
6230,1.29969884e-02,3.96645581e-03,3.05182695e-01,4.90664840e-01,5574,1.28508401e+00,1.19521832e+00
6240,1.48379542e-02,4.09355899e-03,2.75884330e-01,4.48405921e-01,5436,1.44014144e+00,1.24476099e+00
6250,1.37778074e-02,3.76791041e-03,2.73476779e-01,4.54479754e-01,6242,1.39028955e+00,1.19701552e+00
6260,1.41744511e-02,3.96730425e-03,2.79891223e-01,4.87258434e-01,5689,1.45404243e+00,1.21176291e+00
6270,1.40012372e-02,3.93261900e-03,2.80876547e-01,4.60848540e-01,5047,1.24548674e+00,1.19579148e+00
6280,1.39904432e-02,3.89922410e-03,2.78706253e-01,4.65817750e-01,6329,1.48989046e+00,1.23421979e+00
6290,1.54163223e-02,4.03011544e-03,2.61418730e-01,4.62262392e-01,5369,1.40630639e+00,1.19326329e+00
6300,1.43154804e-02,3.84273077e-03,2.68431842e-01,4.66315567e-01,5210,1.31328964e+00,1.18629932e+00
6310,1.34697184e-02,3.76241491e-03,2.79323936e-01,4.56290960e-01,6251,1.35211229e+00,1.20910728e+00
6320,1.47036053e-02,4.02421597e-03,2.73689061e-01,4.65395004e-01,5666,1.44699490e+00,1.21201563e+00
6330,1.54142175e-02,4.23097657e-03,2.74485320e-01,4.65840161e-01,5007,1.41309702e+00,1.20668840e+00
6340,1.34049226e-02,4.04412998e-03,3.01689923e-01,4.70560431e-01,5259,1.32260633e+00,1.24569666e+00
6350,1.42092276e-02,3.77660943e-03,2.65785694e-01,4.58848327e-01,6133,1.36787546e+00,1.20086026e+00
6360,1.60432793e-02,4.19221725e-03,2.61306763e-01,4.42811012e-01,5194,1.41407347e+00,1.23673463e+00
6370,1.37552274e-02,3.57017829e-03,2.59550661e-01,4.67443168e-01,5813,1.26001179e+00,1.16545713e+00
6380,1.56737547e-02,3.80067155e-03,2.42486343e-01,4.36015457e-01,5467,1.33899426e+00,1.18566608e+00
6390,1.49107380e-02,4.49843332e-03,3.01690847e-01,4.50779021e-01,4817,1.39374721e+00,1.25528169e+00
6400,1.41404010e-02,4.24752804e-03,3.00382435e-01,4.57710505e-01,4839,1.28042090e+00,1.20663404e+00
6410,1.31697031e-02,3.90476943e-03,2.96496391e-01,4.64807391e-01,5924,1.38583612e+00,1.26869786e+00
6420,1.33607853e-02,3.63860000e-03,2.72334278e-01,4.58302140e-01,6817,1.40712941e+00,1.21329927e+00
6430,1.54916476e-02,3.91641352e-03,2.52808064e-01,4.40214872e-01,5514,1.38918638e+00,1.20634389e+00
6440,1.66450031e-02,4.13297536e-03,2.48301268e-01,4.36353713e-01,5007,1.40500617e+00,1.22260404e+00
6450,1.52093340e-02,4.05627815e-03,2.66696632e-01,4.57037985e-01,5037,1.34775949e+00,1.18285525e+00
6460,1.47757167e-02,3.47727258e-03,2.35336989e-01,4.47925448e-01,6513,1.33108354e+00,1.16950345e+00
6470,1.47128021e-02,4.02482180e-03,2.73559153e-01,4.39467430e-01,5405,1.32828617e+00,1.21627903e+00
6480,1.29464734e-02,3.58591042e-03,2.76979715e-01,4.68485028e-01,6224,1.30547261e+00,1.18545496e+00
6490,1.63850468e-02,4.20761015e-03,2.56795734e-01,4.71061677e-01,4732,1.39396322e+00,1.18015933e+00
6500,1.24736149e-02,4.26775496e-03,3.42142582e-01,4.88095194e-01,5180,1.31652737e+00,1.27195132e+00
6510,1.38401547e-02,3.79112246e-03,2.73921967e-01,4.63534087e-01,5854,1.35723221e+00,1.21268010e+00
6520,1.40851289e-02,3.92858125e-03,2.78916955e-01,4.84006047e-01,5184,1.23894989e+00,1.16934133e+00
6530,1.42265512e-02,4.09986684e-03,2.88184166e-01,4.33261365e-01,5896,1.45392060e+00,1.26766872e+00
6540,1.27809821e-02,3.91438045e-03,3.06266010e-01,4.78518873e-01,5759,1.33198261e+00,1.21422982e+00
6550,1.56982634e-02,3.70767550e-03,2.36183792e-01,4.33388919e-01,5438,1.30363882e+00,1.16123295e+00
6560,1.44056566e-02,3.78773222e-03,2.62933671e-01,4.57412332e-01,5920,1.33998716e+00,1.18207681e+00
6570,1.64658856e-02,3.99107067e-03,2.42384210e-01,4.27293777e-01,5108,1.36337614e+00,1.20227516e+00
6580,1.36585049e-02,3.78347142e-03,2.77004808e-01,4.77462232e-01,5881,1.30239737e+00,1.18942225e+00
6590,1.50185823e-02,4.68593463e-03,3.12009126e-01,4.46811825e-01,4698,1.47798216e+00,1.29978108e+00
6600,1.56424940e-02,4.34205914e-03,2.77581006e-01,4.41018909e-01,4845,1.39716780e+00,1.23127818e+00
6610,1.22355977e-02,3.88762890e-03,3.17731023e-01,4.74757075e-01,6147,1.31715548e+00,1.25416958e+00
6620,1.31585272e-02,3.61147989e-03,2.74459273e-01,4.62985367e-01,6718,1.35786486e+00,1.18847442e+00
6630,1.56296082e-02,4.05580830e-03,2.59495199e-01,4.26952839e-01,5559,1.42761707e+00,1.22536087e+00
6640,1.24708330e-02,3.84096429e-03,3.07995796e-01,4.73226786e-01,6210,1.34164202e+00,1.22712326e+00
6650,1.61741190e-02,4.27464209e-03,2.64289021e-01,4.52688932e-01,4407,1.28339946e+00,1.17982864e+00
6660,1.25317266e-02,4.01002215e-03,3.19989592e-01,4.89840806e-01,5358,1.27440810e+00,1.22751570e+00
6670,1.22293551e-02,4.00052313e-03,3.27124625e-01,4.53591883e-01,6008,1.43132949e+00,1.31897986e+00
6680,2.30233222e-02,5.85249811e-03,2.54198670e-01,5.19640803e-01,2068,1.22366428e+00,1.10885191e+00
