epoch,time,train/box_loss,train/cls_loss,train/dfl_loss,metrics/precision(B),metrics/recall(B),metrics/mAP50(B),metrics/mAP50-95(B),val/box_loss,val/cls_loss,val/dfl_loss,lr/pg0,lr/pg1,lr/pg2,lr/pg3,lr/pg4,lr/pg5,lr/pg6,lr/pg7
1,355.381,1.69417,1.8787,0.00698,0.69162,0.52984,0.61953,0.36707,1.54317,1.38779,0.00813,0.009984,0.003328,0.009984,0.003328,0.009984,0.003328,0.009984,0.003328
2,689.122,1.68632,1.39367,0.00687,0.72717,0.57646,0.66589,0.39127,1.57652,1.23506,0.00855,0.019762,0.00658732,0.019762,0.00658732,0.019762,0.00658732,0.019762,0.00658732
3,1020.09,1.73431,1.3498,0.00721,0.7081,0.57393,0.65557,0.37304,1.62591,1.26464,0.00902,0.0293177,0.00977257,0.0293177,0.00977257,0.0293177,0.00977257,0.0293177,0.00977257
4,1346.16,1.74501,1.31828,0.00729,0.72914,0.56737,0.66052,0.38106,1.6461,1.23052,0.0094,0.029,0.00966667,0.029,0.00966667,0.029,0.00966667,0.029,0.00966667
5,1672.69,1.7227,1.29063,0.00723,0.73202,0.57638,0.67345,0.39562,1.58703,1.22503,0.00878,0.0286667,0.00955556,0.0286667,0.00955556,0.0286667,0.00955556,0.0286667,0.00955556
6,1998.21,1.71941,1.27001,0.00712,0.73935,0.57545,0.66929,0.38934,1.63009,1.2016,0.00919,0.0283333,0.00944445,0.0283333,0.00944445,0.0283333,0.00944445,0.0283333,0.00944445
7,2323.78,1.7044,1.2528,0.00705,0.74583,0.59646,0.69146,0.40977,1.5797,1.15589,0.0087,0.028,0.00933334,0.028,0.00933334,0.028,0.00933334,0.028,0.00933334
8,2650.94,1.68978,1.23702,0.00703,0.75899,0.5892,0.69382,0.41298,1.577,1.16944,0.00853,0.0276667,0.00922223,0.0276667,0.00922223,0.0276667,0.00922223,0.0276667,0.00922223
9,2976.7,1.68219,1.22463,0.00694,0.76575,0.59293,0.69762,0.41666,1.55573,1.15451,0.00848,0.0273334,0.00911112,0.0273334,0.00911112,0.0273334,0.00911112,0.0273334,0.00911112
10,3302.86,1.67261,1.21496,0.0069,0.75822,0.60459,0.70366,0.42187,1.55061,1.14481,0.00834,0.027,0.00900001,0.027,0.00900001,0.027,0.00900001,0.027,0.00900001
11,3628.48,1.66436,1.20143,0.00684,0.7633,0.60505,0.70602,0.42623,1.54618,1.12013,0.00828,0.0266667,0.0088889,0.0266667,0.0088889,0.0266667,0.0088889,0.0266667,0.0088889
12,3953.84,1.67167,1.19921,0.00677,0.76613,0.61176,0.71268,0.42689,1.5506,1.10955,0.00829,0.0263334,0.00877779,0.0263334,0.00877779,0.0263334,0.00877779,0.0263334,0.00877779
13,4280.78,1.65648,1.19137,0.00678,0.76992,0.61317,0.71616,0.43315,1.53264,1.10506,0.00825,0.026,0.00866668,0.026,0.00866668,0.026,0.00866668,0.026,0.00866668
14,4607.39,1.65499,1.18075,0.00671,0.77011,0.61515,0.71653,0.43586,1.52868,1.09633,0.0082,0.0256667,0.00855557,0.0256667,0.00855557,0.0256667,0.00855557,0.0256667,0.00855557
15,4934.35,1.64539,1.17953,0.00666,0.77253,0.61601,0.72006,0.44148,1.50943,1.09251,0.00799,0.0253334,0.00844446,0.0253334,0.00844446,0.0253334,0.00844446,0.0253334,0.00844446
16,5262.24,1.6404,1.16758,0.00663,0.78111,0.62238,0.72642,0.44888,1.49742,1.06076,0.00791,0.025,0.00833335,0.025,0.00833335,0.025,0.00833335,0.025,0.00833335
17,5590.18,1.63091,1.1612,0.00666,0.77502,0.63028,0.72978,0.4495,1.49565,1.07317,0.00786,0.0246667,0.00822224,0.0246667,0.00822224,0.0246667,0.00822224,0.0246667,0.00822224
18,5921.66,1.63606,1.16202,0.00662,0.77537,0.62234,0.72642,0.44926,1.49029,1.07339,0.00788,0.0243334,0.00811113,0.0243334,0.00811113,0.0243334,0.00811113,0.0243334,0.00811113
19,6254.6,1.63548,1.1538,0.00652,0.78302,0.62625,0.72999,0.45278,1.4864,1.05622,0.00783,0.0240001,0.00800002,0.0240001,0.00800002,0.0240001,0.00800002,0.0240001,0.00800002
20,6586.59,1.63238,1.15003,0.0065,0.78091,0.62722,0.73046,0.45156,1.49282,1.05907,0.00788,0.0236667,0.00788891,0.0236667,0.00788891,0.0236667,0.00788891,0.0236667,0.00788891
21,6918.32,1.63005,1.14807,0.00649,0.78558,0.63124,0.73469,0.45551,1.48487,1.05074,0.0078,0.0233334,0.0077778,0.0233334,0.0077778,0.0233334,0.0077778,0.0233334,0.0077778
22,7250.66,1.61924,1.13729,0.00648,0.7865,0.62647,0.73302,0.45433,1.49342,1.05102,0.00777,0.0230001,0.00766669,0.0230001,0.00766669,0.0230001,0.00766669,0.0230001,0.00766669
23,7583.4,1.62289,1.13976,0.00648,0.78025,0.63773,0.73871,0.45929,1.46505,1.06088,0.00765,0.0226667,0.00755558,0.0226667,0.00755558,0.0226667,0.00755558,0.0226667,0.00755558
24,7914.75,1.61238,1.13886,0.00648,0.7827,0.63878,0.74096,0.46117,1.47041,1.03673,0.00761,0.0223334,0.00744447,0.0223334,0.00744447,0.0223334,0.00744447,0.0223334,0.00744447
25,8239.88,1.61454,1.13505,0.00641,0.78069,0.63836,0.7403,0.46184,1.46374,1.03819,0.0076,0.0220001,0.00733336,0.0220001,0.00733336,0.0220001,0.00733336,0.0220001,0.00733336
26,8565.88,1.61283,1.12905,0.00642,0.78433,0.64181,0.74416,0.46442,1.45906,1.03443,0.00754,0.0216667,0.00722225,0.0216667,0.00722225,0.0216667,0.00722225,0.0216667,0.00722225
27,8892.54,1.60243,1.119,0.0064,0.78747,0.64354,0.74565,0.46722,1.45993,1.01964,0.00751,0.0213334,0.00711114,0.0213334,0.00711114,0.0213334,0.00711114,0.0213334,0.00711114
28,9219.78,1.60778,1.12274,0.00638,0.79005,0.64157,0.746,0.46964,1.44601,1.02321,0.00745,0.0210001,0.00700003,0.0210001,0.00700003,0.0210001,0.00700003,0.0210001,0.00700003
29,9546.46,1.59542,1.11455,0.00636,0.79305,0.64107,0.74712,0.4707,1.44758,1.01351,0.00744,0.0206668,0.00688892,0.0206668,0.00688892,0.0206668,0.00688892,0.0206668,0.00688892
30,9871.99,1.59621,1.11287,0.00633,0.79013,0.64423,0.74817,0.47098,1.44729,1.00689,0.00743,0.0203334,0.00677781,0.0203334,0.00677781,0.0203334,0.00677781,0.0203334,0.00677781
31,10197.4,1.59631,1.11733,0.00632,0.7907,0.64486,0.74842,0.47248,1.44365,1.00824,0.00738,0.0200001,0.0066667,0.0200001,0.0066667,0.0200001,0.0066667,0.0200001,0.0066667
32,10524.4,1.59526,1.11261,0.00627,0.79603,0.64421,0.75093,0.47441,1.43673,1.01195,0.00733,0.0196668,0.00655559,0.0196668,0.00655559,0.0196668,0.00655559,0.0196668,0.00655559
33,422.509,1.57855,1.09821,0.00619,0.79472,0.64845,0.75279,0.47629,1.43397,1.0043,0.00731,0.0193334,0.00644448,0.0193334,0.00644448,0.0193334,0.00644448,0.0193334,0.00644448
34,754.191,1.58333,1.10012,0.00619,0.79739,0.65073,0.75521,0.47681,1.4359,1.0056,0.00732,0.0190001,0.00633337,0.0190001,0.00633337,0.0190001,0.00633337,0.0190001,0.00633337
35,1086.25,1.58031,1.0985,0.00615,0.79922,0.65048,0.75606,0.4791,1.43292,0.99195,0.0073,0.0186668,0.00622226,0.0186668,0.00622226,0.0186668,0.00622226,0.0186668,0.00622226
36,1418.55,1.58023,1.0985,0.00616,0.79794,0.64868,0.75542,0.47704,1.43476,1.00411,0.00728,0.0183335,0.00611115,0.0183335,0.00611115,0.0183335,0.00611115,0.0183335,0.00611115
37,1750.32,1.56995,1.09345,0.00619,0.79495,0.65306,0.75648,0.4803,1.42974,0.98865,0.00724,0.0180001,0.00600004,0.0180001,0.00600004,0.0180001,0.00600004,0.0180001,0.00600004
38,2083.19,1.57592,1.09371,0.00614,0.7953,0.65386,0.75675,0.48057,1.42486,0.99304,0.00722,0.0176668,0.00588893,0.0176668,0.00588893,0.0176668,0.00588893,0.0176668,0.00588893
39,2414.68,1.57066,1.09351,0.00612,0.79825,0.65032,0.75706,0.48223,1.42104,0.99213,0.0072,0.0173335,0.00577782,0.0173335,0.00577782,0.0173335,0.00577782,0.0173335,0.00577782
40,2747.75,1.56688,1.08833,0.00616,0.79991,0.65279,0.75755,0.48154,1.42519,0.98987,0.00721,0.0170001,0.00566671,0.0170001,0.00566671,0.0170001,0.00566671,0.0170001,0.00566671
41,3080.28,1.56512,1.08817,0.00614,0.7985,0.65533,0.75957,0.48247,1.42216,0.99036,0.00719,0.0166668,0.0055556,0.0166668,0.0055556,0.0166668,0.0055556,0.0166668,0.0055556
42,3411.96,1.55707,1.08421,0.00611,0.80097,0.65218,0.75928,0.48296,1.42236,0.98594,0.00718,0.0163335,0.00544449,0.0163335,0.00544449,0.0163335,0.00544449,0.0163335,0.00544449
43,3743.82,1.55659,1.07736,0.0061,0.80076,0.65419,0.76026,0.48425,1.42,0.98129,0.00717,0.0160001,0.00533338,0.0160001,0.00533338,0.0160001,0.00533338,0.0160001,0.00533338
44,4076.94,1.56896,1.08079,0.00607,0.80029,0.65732,0.76108,0.48521,1.4178,0.98172,0.00717,0.0156668,0.00522227,0.0156668,0.00522227,0.0156668,0.00522227,0.0156668,0.00522227
45,4408.78,1.55856,1.07823,0.00612,0.8021,0.65841,0.76216,0.48587,1.41674,0.97698,0.00716,0.0153335,0.00511116,0.0153335,0.00511116,0.0153335,0.00511116,0.0153335,0.00511116
46,4741.16,1.55953,1.0748,0.00605,0.80231,0.65704,0.76238,0.48744,1.41451,0.9737,0.00712,0.0150002,0.00500005,0.0150002,0.00500005,0.0150002,0.00500005,0.0150002,0.00500005
47,5073.85,1.55465,1.07509,0.00604,0.80171,0.65832,0.76295,0.48857,1.41287,0.97214,0.00712,0.0146668,0.00488894,0.0146668,0.00488894,0.0146668,0.00488894,0.0146668,0.00488894
48,5405.88,1.55085,1.06987,0.00602,0.79886,0.66044,0.76315,0.48893,1.41067,0.9706,0.0071,0.0143335,0.00477783,0.0143335,0.00477783,0.0143335,0.00477783,0.0143335,0.00477783
49,5738.06,1.54184,1.0672,0.00604,0.80255,0.6596,0.76366,0.48961,1.40867,0.97249,0.00707,0.0140002,0.00466672,0.0140002,0.00466672,0.0140002,0.00466672,0.0140002,0.00466672
50,6070.17,1.55184,1.06497,0.00604,0.80519,0.65904,0.76449,0.48955,1.40943,0.97113,0.00708,0.0136668,0.00455561,0.0136668,0.00455561,0.0136668,0.00455561,0.0136668,0.00455561
51,6403.8,1.55491,1.06576,0.00598,0.80317,0.66056,0.76442,0.4901,1.40853,0.9677,0.00708,0.0133335,0.0044445,0.0133335,0.0044445,0.0133335,0.0044445,0.0133335,0.0044445
52,6737.55,1.55461,1.06199,0.00597,0.80196,0.66269,0.76532,0.49101,1.40729,0.96643,0.00707,0.0130002,0.00433339,0.0130002,0.00433339,0.0130002,0.00433339,0.0130002,0.00433339
53,7071.01,1.55253,1.06445,0.00597,0.80427,0.66198,0.76626,0.49171,1.40585,0.96497,0.00706,0.0126668,0.00422228,0.0126668,0.00422228,0.0126668,0.00422228,0.0126668,0.00422228
54,7403.28,1.54145,1.05684,0.00595,0.80614,0.66154,0.76634,0.4922,1.40357,0.96548,0.00705,0.0123335,0.00411117,0.0123335,0.00411117,0.0123335,0.00411117,0.0123335,0.00411117
55,7736.23,1.54645,1.05536,0.00595,0.8054,0.66178,0.76659,0.49269,1.4035,0.96427,0.00703,0.0120002,0.00400006,0.0120002,0.00400006,0.0120002,0.00400006,0.0120002,0.00400006
56,8069.33,1.53739,1.05573,0.00595,0.80353,0.66319,0.76655,0.49324,1.40244,0.96384,0.00702,0.0116668,0.00388895,0.0116668,0.00388895,0.0116668,0.00388895,0.0116668,0.00388895
57,424.047,1.52715,1.0408,0.00584,0.80549,0.6633,0.7675,0.49359,1.40241,0.96102,0.00702,0.0113335,0.00377784,0.0113335,0.00377784,0.0113335,0.00377784,0.0113335,0.00377784
58,820.71,1.53623,1.04609,0.00586,0.80566,0.66442,0.76782,0.49396,1.40258,0.9607,0.00701,0.0110002,0.00366673,0.0110002,0.00366673,0.0110002,0.00366673,0.0110002,0.00366673
59,1153.64,1.53447,1.04371,0.00584,0.80533,0.66432,0.76807,0.49393,1.40295,0.95943,0.00701,0.0106669,0.00355562,0.0106669,0.00355562,0.0106669,0.00355562,0.0106669,0.00355562
60,1487.49,1.533,1.04079,0.00584,0.80723,0.66411,0.76871,0.49445,1.40269,0.95849,0.00701,0.0103335,0.00344451,0.0103335,0.00344451,0.0103335,0.00344451,0.0103335,0.00344451
61,1821.91,1.52288,1.03776,0.00587,0.80805,0.66419,0.76897,0.4947,1.40143,0.9579,0.007,0.0100002,0.0033334,0.0100002,0.0033334,0.0100002,0.0033334,0.0100002,0.0033334
62,2156.48,1.52824,1.03946,0.00581,0.80801,0.66573,0.76946,0.49501,1.40082,0.95792,0.007,0.00966687,0.00322229,0.00966687,0.00322229,0.00966687,0.00322229,0.00966687,0.00322229
63,2490.55,1.52399,1.03491,0.00581,0.80526,0.66787,0.76965,0.49541,1.40028,0.95713,0.00699,0.00933354,0.00311118,0.00933354,0.00311118,0.00933354,0.00311118,0.00933354,0.00311118
64,2826.45,1.51777,1.03473,0.00584,0.80781,0.66601,0.76932,0.49505,1.39965,0.95805,0.00699,0.00900021,0.00300007,0.00900021,0.00300007,0.00900021,0.00300007,0.00900021,0.00300007
65,3159.79,1.51743,1.03168,0.00581,0.81093,0.66432,0.76961,0.49527,1.3994,0.95687,0.00699,0.00866688,0.00288896,0.00866688,0.00288896,0.00866688,0.00288896,0.00866688,0.00288896
66,3493.52,1.50806,1.03029,0.00578,0.81088,0.66435,0.76958,0.49548,1.39975,0.95553,0.00699,0.00833355,0.00277785,0.00833355,0.00277785,0.00833355,0.00277785,0.00833355,0.00277785
67,3826.94,1.50927,1.02244,0.00578,0.8102,0.66517,0.76957,0.49562,1.39944,0.95451,0.00698,0.00800022,0.00266674,0.00800022,0.00266674,0.00800022,0.00266674,0.00800022,0.00266674
68,4161.47,1.52143,1.02584,0.00575,0.8089,0.66528,0.76949,0.49568,1.39869,0.95532,0.00697,0.00766689,0.00255563,0.00766689,0.00255563,0.00766689,0.00255563,0.00766689,0.00255563
69,4496.01,1.51083,1.02206,0.00578,0.80993,0.66483,0.76964,0.4959,1.39802,0.9549,0.00697,0.00733356,0.00244452,0.00733356,0.00244452,0.00733356,0.00244452,0.00733356,0.00244452
70,4831.58,1.50981,1.01931,0.00572,0.8096,0.66542,0.76954,0.49616,1.39747,0.9541,0.00696,0.00700023,0.00233341,0.00700023,0.00233341,0.00700023,0.00233341,0.00700023,0.00233341
71,5165.33,1.5062,1.01868,0.00572,0.80917,0.66588,0.76974,0.49629,1.39682,0.95402,0.00696,0.0066669,0.0022223,0.0066669,0.0022223,0.0066669,0.0022223,0.0066669,0.0022223
72,5500.92,1.50185,1.01116,0.0057,0.80999,0.66568,0.76998,0.49661,1.39664,0.95385,0.00696,0.00633357,0.00211119,0.00633357,0.00211119,0.00633357,0.00211119,0.00633357,0.00211119
73,5835.39,1.49429,1.00839,0.00572,0.81007,0.66597,0.77015,0.49682,1.3964,0.95286,0.00695,0.00600024,0.00200008,0.00600024,0.00200008,0.00600024,0.00200008,0.00600024,0.00200008
74,6169.85,1.50001,1.00977,0.00569,0.81089,0.66581,0.7703,0.49682,1.39622,0.95281,0.00695,0.00566691,0.00188897,0.00566691,0.00188897,0.00566691,0.00188897,0.00566691,0.00188897
75,6505.32,1.50399,1.00718,0.00564,0.81047,0.66633,0.77052,0.49709,1.39572,0.95241,0.00696,0.00533358,0.00177786,0.00533358,0.00177786,0.00533358,0.00177786,0.00533358,0.00177786
76,6839.85,1.50321,1.0064,0.00563,0.8112,0.66645,0.77064,0.49743,1.39515,0.9517,0.00695,0.00500025,0.00166675,0.00500025,0.00166675,0.00500025,0.00166675,0.00500025,0.00166675
77,7174.98,1.50139,1.00693,0.00562,0.81111,0.66627,0.77065,0.49752,1.39467,0.95122,0.00695,0.00466692,0.00155564,0.00466692,0.00155564,0.00466692,0.00155564,0.00466692,0.00155564
78,7510.88,1.48995,1.00113,0.00561,0.81095,0.66639,0.77068,0.49754,1.39421,0.95119,0.00695,0.00433359,0.00144453,0.00433359,0.00144453,0.00433359,0.00144453,0.00433359,0.00144453
79,7846.36,1.4967,1.00268,0.00562,0.81138,0.66611,0.77075,0.49776,1.39396,0.9509,0.00695,0.00400026,0.00133342,0.00400026,0.00133342,0.00400026,0.00133342,0.00400026,0.00133342
80,8181.03,1.48961,1.00272,0.00563,0.81006,0.66624,0.77065,0.49774,1.39421,0.95004,0.00695,0.00366693,0.00122231,0.00366693,0.00122231,0.00366693,0.00122231,0.00366693,0.00122231
81,8501.32,1.4352,0.95151,0.00599,0.81039,0.66628,0.77081,0.49792,1.39405,0.95012,0.00695,0.0033336,0.0011112,0.0033336,0.0011112,0.0033336,0.0011112,0.0033336,0.0011112
82,8822.12,1.42999,0.94039,0.00592,0.80961,0.66696,0.77099,0.49789,1.39412,0.94924,0.00695,0.00300027,0.00100009,0.00300027,0.00100009,0.00300027,0.00100009,0.00300027,0.00100009
83,9142.18,1.42242,0.94037,0.00587,0.81181,0.66572,0.77113,0.49816,1.39416,0.94896,0.00695,0.00266694,0.00088898,0.00266694,0.00088898,0.00266694,0.00088898,0.00266694,0.00088898
84,9463.08,1.42275,0.93501,0.00585,0.81054,0.66712,0.77133,0.49828,1.39415,0.94813,0.00695,0.00233361,0.00077787,0.00233361,0.00077787,0.00233361,0.00077787,0.00233361,0.00077787
85,9783.61,1.41968,0.92909,0.00581,0.81108,0.66648,0.77141,0.4984,1.39393,0.94804,0.00695,0.00200028,0.00066676,0.00200028,0.00066676,0.00200028,0.00066676,0.00200028,0.00066676
86,10104.2,1.41691,0.92732,0.00581,0.81265,0.66528,0.77143,0.49828,1.39384,0.94741,0.00694,0.00166695,0.00055565,0.00166695,0.00055565,0.00166695,0.00055565,0.00166695,0.00055565
87,10423.3,1.40902,0.92499,0.00578,0.81089,0.66646,0.77129,0.49846,1.39328,0.94717,0.00694,0.00133362,0.00044454,0.00133362,0.00044454,0.00133362,0.00044454,0.00133362,0.00044454
88,10743.4,1.41315,0.92274,0.00575,0.81088,0.66622,0.77114,0.4984,1.39282,0.94742,0.00694,0.00100029,0.00033343,0.00100029,0.00033343,0.00100029,0.00033343,0.00100029,0.00033343
89,11062.7,1.40103,0.91911,0.00573,0.81118,0.66651,0.77116,0.49861,1.3926,0.94696,0.00694,0.00066696,0.00022232,0.00066696,0.00022232,0.00066696,0.00022232,0.00066696,0.00022232
90,11383.6,1.40682,0.91511,0.00571,0.81075,0.6666,0.77115,0.49871,1.39206,0.94749,0.00694,0.00033363,0.00011121,0.00033363,0.00011121,0.00033363,0.00011121,0.00033363,0.00011121
